asset_id,category,priority,kind,slot,target_height,target_width,job_batch,label,prompt_chars
char_pudgy_candy_01,characters_species,0,character,,1.2,,characters,"Candy species",533
char_pudgy_candy_rare_01,characters_species,0,character,,1.2,,characters,"Candy rare morph",649
char_pudgy_ice_01,characters_species,0,character,,1.2,,characters,"Ice species",543
char_pudgy_ice_rare_01,characters_species,0,character,,1.2,,characters,"Ice rare morph",659
char_pudgy_desert_01,characters_species,0,character,,1.2,,characters,"Desert species",539
char_pudgy_desert_rare_01,characters_species,0,character,,1.2,,characters,"Desert rare morph",655
char_pudgy_meadow_01,characters_species,0,character,,1.2,,characters,"Meadow species",539
char_pudgy_meadow_rare_01,characters_species,0,character,,1.2,,characters,"Meadow rare morph",655
char_pudgy_storm_01,characters_species,0,character,,1.2,,characters,"Storm species",548
char_pudgy_storm_rare_01,characters_species,0,character,,1.2,,characters,"Storm rare morph",664
char_pudgy_crystal_01,characters_species,0,character,,1.2,,characters,"Crystal species",551
char_pudgy_crystal_rare_01,characters_species,0,character,,1.2,,characters,"Crystal rare morph",667
char_pudgy_berry_01,characters_species,0,character,,1.2,,characters,"Berry species",534
char_pudgy_berry_rare_01,characters_species,0,character,,1.2,,characters,"Berry rare morph",650
char_pudgy_bubble_01,characters_species,0,character,,1.2,,characters,"Bubble species",548
char_pudgy_bubble_rare_01,characters_species,0,character,,1.2,,characters,"Bubble rare morph",664
char_pudgy_aurora_01,characters_species,0,character,,1.2,,characters,"Aurora species",536
char_pudgy_aurora_rare_01,characters_species,0,character,,1.2,,characters,"Aurora rare morph",652
char_pudgy_honey_01,characters_species,0,character,,1.2,,characters,"Honey species",547
char_pudgy_honey_rare_01,characters_species,0,character,,1.2,,characters,"Honey rare morph",663
char_pudgy_mint_01,characters_species,0,character,,1.2,,characters,"Mint species",536
char_pudgy_mint_rare_01,characters_species,0,character,,1.2,,characters,"Mint rare morph",652
char_pudgy_night_01,characters_species,0,character,,1.2,,characters,"Night species",547
char_pudgy_night_rare_01,characters_species,0,character,,1.2,,characters,"Night rare morph",663
char_pudgy_coral_01,characters_species,0,character,,1.2,,characters,"Coral reef species",529
char_pudgy_coral_rare_01,characters_species,0,character,,1.2,,characters,"Coral reef rare morph",645
char_pudgy_ember_01,characters_species,0,character,,1.2,,characters,"Ember glow species",541
char_pudgy_ember_rare_01,characters_species,0,character,,1.2,,characters,"Ember glow rare morph",657
char_pudgy_cloud_01,characters_species,0,character,,1.2,,characters,"Cloud puff species",538
char_pudgy_cloud_rare_01,characters_species,0,character,,1.2,,characters,"Cloud puff rare morph",654
char_pudgy_sprout_01,characters_species,0,character,,1.2,,characters,"Sprout species",548
char_pudgy_sprout_rare_01,characters_species,0,character,,1.2,,characters,"Sprout rare morph",664
char_pudgy_peach_01,characters_species,0,character,,1.2,,characters,"Peach species",535
char_pudgy_peach_rare_01,characters_species,0,character,,1.2,,characters,"Peach rare morph",651
char_pudgy_grape_01,characters_species,0,character,,1.2,,characters,"Grape species",535
char_pudgy_grape_rare_01,characters_species,0,character,,1.2,,characters,"Grape rare morph",651
char_pudgy_lemon_01,characters_species,0,character,,1.2,,characters,"Lemon species",539
char_pudgy_lemon_rare_01,characters_species,0,character,,1.2,,characters,"Lemon rare morph",655
char_pudgy_cocoa_01,characters_species,0,character,,1.2,,characters,"Cocoa species",538
char_pudgy_cocoa_rare_01,characters_species,0,character,,1.2,,characters,"Cocoa rare morph",654
npc_nest_dj_01,characters_npc,0,character,,1.2,,characters,"Nest DJ Pudgy",593
npc_nest_ref_01,characters_npc,0,character,,1.2,,characters,"Nest referee Pudgy",562
npc_nest_shop_01,characters_npc,0,character,,1.2,,characters,"Nest shopkeep Pudgy",564
npc_nest_photo_01,characters_npc,0,character,,1.2,,characters,"Nest photographer Pudgy",548
npc_nest_coach_01,characters_npc,0,character,,1.2,,characters,"Nest coach Pudgy",560
npc_nest_bard_01,characters_npc,0,character,,1.2,,characters,"Nest bard Pudgy",548
char_pudgy_ocean_winter_01,characters_seasonal,0,character,,1.2,,characters,"Ocean winter",528
char_pudgy_forest_autumn_01,characters_seasonal,0,character,,1.2,,characters,"Forest autumn",525
char_pudgy_lava_party_01,characters_seasonal,0,character,,1.2,,characters,"Lava party",549
char_pudgy_sky_sunset_01,characters_seasonal,0,character,,1.2,,characters,"Sky sunset",516
char_pudgy_ocean_festival_01,characters_seasonal,0,character,,1.2,,characters,"Ocean festival",529
char_pudgy_forest_bloom_01,characters_seasonal,0,character,,1.2,,characters,"Forest bloom",524
acc_hat_ocean_shell_01,acc_hats,1,accessory,hat,0.28,,accessories,"Ocean Shell",495
acc_hat_forest_leaf_01,acc_hats,1,accessory,hat,0.26,,accessories,"Forest Leaf",480
acc_hat_lava_ember_01,acc_hats,1,accessory,hat,0.26,,accessories,"Lava Ember",501
acc_hat_sky_cloud_01,acc_hats,1,accessory,hat,0.24,,accessories,"Sky Cloud",479
acc_hat_ice_crown_01,acc_hats,1,accessory,hat,0.28,,accessories,"Ice Crown",506
acc_hat_candy_scoop_01,acc_hats,1,accessory,hat,0.32,,accessories,"Candy Scoop",489
acc_hat_desert_cactus_01,acc_hats,1,accessory,hat,0.3,,accessories,"Desert Cactus",499
acc_hat_meadow_wreath_01,acc_hats,1,accessory,hat,0.22,,accessories,"Meadow Wreath",481
acc_hat_storm_cap_01,acc_hats,1,accessory,hat,0.26,,accessories,"Storm Cap",502
acc_hat_crystal_tiara_01,acc_hats,1,accessory,hat,0.2,,accessories,"Crystal Tiara",484
acc_hat_berry_bowl_01,acc_hats,1,accessory,hat,0.3,,accessories,"Berry Bowl",500
acc_hat_bubble_helm_01,acc_hats,1,accessory,hat,0.28,,accessories,"Bubble Helm",497
acc_hat_aurora_halo_01,acc_hats,1,accessory,hat,0.24,,accessories,"Aurora Halo",481
acc_hat_honey_pot_01,acc_hats,1,accessory,hat,0.3,,accessories,"Honey Pot",486
acc_hat_mint_leaf_01,acc_hats,1,accessory,hat,0.22,,accessories,"Mint Leaf",479
acc_hat_night_moon_01,acc_hats,1,accessory,hat,0.28,,accessories,"Night Moon",493
acc_hat_race_helmet_01,acc_hats,1,accessory,hat,0.26,,accessories,"Race Helmet",497
acc_hat_vibe_sun_01,acc_hats,1,accessory,hat,0.3,,accessories,"Vibe Sun",486
acc_hat_shooter_star_01,acc_hats,1,accessory,hat,0.28,,accessories,"Shooter Star",480
acc_hat_party_top_01,acc_hats,1,accessory,hat,0.34,,accessories,"Party Top",492
acc_hat_bowler_party_01,acc_hats,1,accessory,hat,0.22,,accessories,"Bowler Party",482
acc_hat_visor_racer_01,acc_hats,1,accessory,hat,0.14,,accessories,"Visor Racer",470
acc_hat_bandana_party_01,acc_hats,1,accessory,hat,0.16,,accessories,"Bandana Party",477
acc_hat_earmuff_cloud_01,acc_hats,1,accessory,hat,0.2,,accessories,"Earmuff Cloud",491
acc_hat_frog_hood_01,acc_hats,1,accessory,hat,0.3,,accessories,"Frog Hood",492
acc_hat_bunny_hood_01,acc_hats,1,accessory,hat,0.32,,accessories,"Bunny Hood",484
acc_hat_cat_hood_01,acc_hats,1,accessory,hat,0.26,,accessories,"Cat Hood",481
acc_hat_dino_hood_01,acc_hats,1,accessory,hat,0.3,,accessories,"Dino Hood",482
acc_hat_wizard_cute_01,acc_hats,1,accessory,hat,0.34,,accessories,"Wizard Cute",501
acc_hat_pirate_cute_01,acc_hats,1,accessory,hat,0.28,,accessories,"Pirate Cute",506
acc_hat_safari_01,acc_hats,1,accessory,hat,0.24,,accessories,"Safari",486
acc_hat_bucket_beach_01,acc_hats,1,accessory,hat,0.22,,accessories,"Bucket Beach",475
acc_hat_pom_rainbow_01,acc_hats,1,accessory,hat,0.26,,accessories,"Pom Rainbow",493
acc_hat_halo_angel_01,acc_hats,1,accessory,hat,0.18,,accessories,"Halo Angel",477
acc_hat_horn_candy_01,acc_hats,1,accessory,hat,0.24,,accessories,"Horn Candy",493
acc_hat_antler_soft_01,acc_hats,1,accessory,hat,0.28,,accessories,"Antler Soft",477
acc_hat_tophat_mini_01,acc_hats,1,accessory,hat,0.2,,accessories,"Tophat Mini",496
acc_hat_flat_cap_01,acc_hats,1,accessory,hat,0.18,,accessories,"Flat Cap",474
acc_hat_beret_artist_01,acc_hats,1,accessory,hat,0.16,,accessories,"Beret Artist",467
acc_hat_crown_gold_01,acc_hats,1,accessory,hat,0.26,,accessories,"Crown Gold",496
acc_hat_crown_silver_01,acc_hats,1,accessory,hat,0.26,,accessories,"Crown Silver",495
acc_hat_crown_rainbow_01,acc_hats,1,accessory,hat,0.28,,accessories,"Crown Rainbow",474
acc_hat_helmet_star_01,acc_hats,1,accessory,hat,0.28,,accessories,"Helmet Star",488
acc_hat_helmet_bubble_01,acc_hats,1,accessory,hat,0.28,,accessories,"Helmet Bubble",472
acc_hat_cap_trucker_01,acc_hats,1,accessory,hat,0.2,,accessories,"Cap Trucker",492
acc_hat_cap_snap_01,acc_hats,1,accessory,hat,0.2,,accessories,"Cap Snap",489
acc_hat_hat_witch_cute_01,acc_hats,1,accessory,hat,0.34,,accessories,"Hat Witch Cute",493
acc_hat_hat_santa_cute_01,acc_hats,1,accessory,hat,0.3,,accessories,"Hat Santa Cute",498
acc_hat_hat_elf_cute_01,acc_hats,1,accessory,hat,0.3,,accessories,"Hat Elf Cute",475
acc_hat_hat_pumpkin_01,acc_hats,1,accessory,hat,0.3,,accessories,"Hat Pumpkin",510
acc_hat_hat_heart_01,acc_hats,1,accessory,hat,0.26,,accessories,"Hat Heart",479
acc_hat_hat_clover_01,acc_hats,1,accessory,hat,0.24,,accessories,"Hat Clover",468
acc_hat_hat_egg_01,acc_hats,1,accessory,hat,0.28,,accessories,"Hat Egg",482
acc_hat_hat_gift_01,acc_hats,1,accessory,hat,0.28,,accessories,"Hat Gift",479
acc_hat_hat_lamp_01,acc_hats,1,accessory,hat,0.3,,accessories,"Hat Lamp",478
acc_hat_hat_teapot_01,acc_hats,1,accessory,hat,0.3,,accessories,"Hat Teapot",481
acc_hat_hat_cupcake_01,acc_hats,1,accessory,hat,0.32,,accessories,"Hat Cupcake",483
acc_hat_hat_donut_01,acc_hats,1,accessory,hat,0.24,,accessories,"Hat Donut",485
acc_hat_hat_waffle_01,acc_hats,1,accessory,hat,0.34,,accessories,"Hat Waffle",482
acc_hat_hat_sushi_01,acc_hats,1,accessory,hat,0.22,,accessories,"Hat Sushi",487
acc_hat_hat_taco_01,acc_hats,1,accessory,hat,0.24,,accessories,"Hat Taco",486
acc_hat_hat_burger_01,acc_hats,1,accessory,hat,0.26,,accessories,"Hat Burger",495
acc_hat_hat_pizza_01,acc_hats,1,accessory,hat,0.24,,accessories,"Hat Pizza",474
acc_hat_hat_banana_01,acc_hats,1,accessory,hat,0.26,,accessories,"Hat Banana",475
acc_hat_hat_mushroom_red_01,acc_hats,1,accessory,hat,0.3,,accessories,"Hat Mushroom Red",473
acc_hat_hat_mushroom_blue_01,acc_hats,1,accessory,hat,0.3,,accessories,"Hat Mushroom Blue",474
acc_hat_hat_acorn_01,acc_hats,1,accessory,hat,0.26,,accessories,"Hat Acorn",479
acc_hat_hat_pine_01,acc_hats,1,accessory,hat,0.28,,accessories,"Hat Pine",485
acc_hat_hat_sunflower_01,acc_hats,1,accessory,hat,0.32,,accessories,"Hat Sunflower",489
acc_hat_hat_rose_01,acc_hats,1,accessory,hat,0.28,,accessories,"Hat Rose",471
acc_hat_hat_tulip_01,acc_hats,1,accessory,hat,0.28,,accessories,"Hat Tulip",472
acc_hat_hat_lotus_01,acc_hats,1,accessory,hat,0.28,,accessories,"Hat Lotus",474
acc_hat_hat_lightning_01,acc_hats,1,accessory,hat,0.28,,accessories,"Hat Lightning",487
acc_hat_hat_raindrop_01,acc_hats,1,accessory,hat,0.26,,accessories,"Hat Raindrop",470
acc_hat_hat_snowflake_01,acc_hats,1,accessory,hat,0.26,,accessories,"Hat Snowflake",489
acc_hat_hat_comet_01,acc_hats,1,accessory,hat,0.3,,accessories,"Hat Comet",486
acc_hat_hat_planet_01,acc_hats,1,accessory,hat,0.28,,accessories,"Hat Planet",478
acc_hat_hat_rocket_01,acc_hats,1,accessory,hat,0.32,,accessories,"Hat Rocket",491
acc_hat_hat_ufo_01,acc_hats,1,accessory,hat,0.24,,accessories,"Hat Ufo",486
acc_hat_hat_robot_01,acc_hats,1,accessory,hat,0.26,,accessories,"Hat Robot",484
acc_hat_hat_tv_01,acc_hats,1,accessory,hat,0.28,,accessories,"Hat Tv",483
acc_hat_hat_boombox_01,acc_hats,1,accessory,hat,0.26,,accessories,"Hat Boombox",473
acc_hat_hat_headphones_01,acc_hats,1,accessory,hat,0.24,,accessories,"Hat Headphones",501
acc_hat_hat_camera_01,acc_hats,1,accessory,hat,0.24,,accessories,"Hat Camera",472
acc_hat_hat_trophy_01,acc_hats,1,accessory,hat,0.28,,accessories,"Hat Trophy",483
acc_hat_hat_medal_01,acc_hats,1,accessory,hat,0.26,,accessories,"Hat Medal",485
acc_hat_hat_flag_01,acc_hats,1,accessory,hat,0.28,,accessories,"Hat Flag",481
acc_hat_hat_whistle_01,acc_hats,1,accessory,hat,0.24,,accessories,"Hat Whistle",481
acc_hat_hat_megaphone_01,acc_hats,1,accessory,hat,0.28,,accessories,"Hat Megaphone",472
acc_hat_hat_confetti_01,acc_hats,1,accessory,hat,0.28,,accessories,"Hat Confetti",491
acc_hat_hat_balloon_01,acc_hats,1,accessory,hat,0.34,,accessories,"Hat Balloon",489
acc_hat_hat_party_popper_01,acc_hats,1,accessory,hat,0.3,,accessories,"Hat Party Popper",490
acc_hat_hat_dice_01,acc_hats,1,accessory,hat,0.24,,accessories,"Hat Dice",490
acc_hat_hat_controller_01,acc_hats,1,accessory,hat,0.22,,accessories,"Hat Controller",477
acc_hat_hat_arcade_01,acc_hats,1,accessory,hat,0.32,,accessories,"Hat Arcade",478
acc_hat_hat_ticket_01,acc_hats,1,accessory,hat,0.2,,accessories,"Hat Ticket",486
acc_hat_hat_popcorn_01,acc_hats,1,accessory,hat,0.3,,accessories,"Hat Popcorn",499
acc_hat_hat_cotton_01,acc_hats,1,accessory,hat,0.32,,accessories,"Hat Cotton",479
acc_hat_hat_lollipop_01,acc_hats,1,accessory,hat,0.34,,accessories,"Hat Lollipop",481
acc_hat_hat_gumball_01,acc_hats,1,accessory,hat,0.32,,accessories,"Hat Gumball",493
acc_hat_hat_pretzel_01,acc_hats,1,accessory,hat,0.24,,accessories,"Hat Pretzel",466
acc_hat_hat_cookie_01,acc_hats,1,accessory,hat,0.22,,accessories,"Hat Cookie",485
acc_hat_hat_jam_01,acc_hats,1,accessory,hat,0.28,,accessories,"Hat Jam",472
acc_hat_hat_milk_01,acc_hats,1,accessory,hat,0.28,,accessories,"Hat Milk",482
acc_hat_hat_toast_01,acc_hats,1,accessory,hat,0.24,,accessories,"Hat Toast",489
acc_hat_hat_egg_fried_01,acc_hats,1,accessory,hat,0.22,,accessories,"Hat Egg Fried",481
acc_hat_hat_bacon_01,acc_hats,1,accessory,hat,0.18,,accessories,"Hat Bacon",482
acc_hat_hat_avocado_01,acc_hats,1,accessory,hat,0.24,,accessories,"Hat Avocado",483
acc_hat_hat_strawberry_01,acc_hats,1,accessory,hat,0.28,,accessories,"Hat Strawberry",486
acc_hat_hat_blueberry_01,acc_hats,1,accessory,hat,0.24,,accessories,"Hat Blueberry",475
acc_hat_hat_watermelon_01,acc_hats,1,accessory,hat,0.24,,accessories,"Hat Watermelon",484
acc_hat_hat_kiwi_01,acc_hats,1,accessory,hat,0.22,,accessories,"Hat Kiwi",472
acc_hat_hat_dragonfruit_01,acc_hats,1,accessory,hat,0.28,,accessories,"Hat Dragonfruit",476
acc_hat_hat_peach_fruit_01,acc_hats,1,accessory,hat,0.26,,accessories,"Hat Peach Fruit",484
acc_hat_hat_cherry_01,acc_hats,1,accessory,hat,0.28,,accessories,"Hat Cherry",483
acc_hat_hat_grape_bunch_01,acc_hats,1,accessory,hat,0.28,,accessories,"Hat Grape Bunch",475
acc_hat_hat_lemon_fruit_01,acc_hats,1,accessory,hat,0.26,,accessories,"Hat Lemon Fruit",484
acc_hat_hat_coconut_01,acc_hats,1,accessory,hat,0.24,,accessories,"Hat Coconut",481
acc_hat_hat_pineapple_01,acc_hats,1,accessory,hat,0.34,,accessories,"Hat Pineapple",488
acc_hat_hat_chili_01,acc_hats,1,accessory,hat,0.28,,accessories,"Hat Chili",497
acc_hat_hat_olive_01,acc_hats,1,accessory,hat,0.22,,accessories,"Hat Olive",481
acc_hat_hat_cheese_01,acc_hats,1,accessory,hat,0.24,,accessories,"Hat Cheese",488
acc_hat_hat_bread_01,acc_hats,1,accessory,hat,0.24,,accessories,"Hat Bread",468
acc_hat_hat_baguette_01,acc_hats,1,accessory,hat,0.2,,accessories,"Hat Baguette",477
acc_hat_hat_croissant_01,acc_hats,1,accessory,hat,0.22,,accessories,"Hat Croissant",489
acc_hat_hat_macaron_01,acc_hats,1,accessory,hat,0.2,,accessories,"Hat Macaron",479
acc_hat_hat_pudding_01,acc_hats,1,accessory,hat,0.26,,accessories,"Hat Pudding",494
acc_hat_hat_jelly_01,acc_hats,1,accessory,hat,0.24,,accessories,"Hat Jelly",486
acc_hat_hat_mochi_01,acc_hats,1,accessory,hat,0.2,,accessories,"Hat Mochi",469
acc_hat_hat_taiaki_01,acc_hats,1,accessory,hat,0.24,,accessories,"Hat Taiaki",480
acc_hat_hat_onigiri_01,acc_hats,1,accessory,hat,0.24,,accessories,"Hat Onigiri",500
acc_hat_hat_bento_01,acc_hats,1,accessory,hat,0.26,,accessories,"Hat Bento",487
acc_hat_hat_ramen_01,acc_hats,1,accessory,hat,0.28,,accessories,"Hat Ramen",492
acc_hat_hat_tea_01,acc_hats,1,accessory,hat,0.26,,accessories,"Hat Tea",484
acc_hat_hat_coffee_01,acc_hats,1,accessory,hat,0.26,,accessories,"Hat Coffee",488
acc_hat_hat_smoothie_01,acc_hats,1,accessory,hat,0.3,,accessories,"Hat Smoothie",484
acc_hat_hat_soda_01,acc_hats,1,accessory,hat,0.28,,accessories,"Hat Soda",482
acc_hat_hat_juice_01,acc_hats,1,accessory,hat,0.26,,accessories,"Hat Juice",484
acc_hat_hat_water_01,acc_hats,1,accessory,hat,0.28,,accessories,"Hat Water",474
acc_hat_hat_thermos_01,acc_hats,1,accessory,hat,0.3,,accessories,"Hat Thermos",477
acc_hat_hat_lantern_01,acc_hats,1,accessory,hat,0.3,,accessories,"Hat Lantern",481
acc_hat_hat_candle_01,acc_hats,1,accessory,hat,0.32,,accessories,"Hat Candle",497
acc_hat_hat_cake_slice_01,acc_hats,1,accessory,hat,0.26,,accessories,"Hat Cake Slice",480
acc_hat_hat_birthday_01,acc_hats,1,accessory,hat,0.3,,accessories,"Hat Birthday",482
acc_hat_hat_graduation_01,acc_hats,1,accessory,hat,0.2,,accessories,"Hat Graduation",487
acc_hat_hat_nurse_cute_01,acc_hats,1,accessory,hat,0.18,,accessories,"Hat Nurse Cute",488
acc_hat_hat_builder_01,acc_hats,1,accessory,hat,0.22,,accessories,"Hat Builder",492
acc_hat_hat_firefighter_01,acc_hats,1,accessory,hat,0.26,,accessories,"Hat Firefighter",495
acc_hat_hat_astronaut_01,acc_hats,1,accessory,hat,0.3,,accessories,"Hat Astronaut",486
acc_hat_hat_pilot_01,acc_hats,1,accessory,hat,0.22,,accessories,"Hat Pilot",485
acc_hat_hat_sailor_01,acc_hats,1,accessory,hat,0.2,,accessories,"Hat Sailor",474
acc_hat_hat_cowboy_01,acc_hats,1,accessory,hat,0.24,,accessories,"Hat Cowboy",475
acc_hat_hat_sombrero_01,acc_hats,1,accessory,hat,0.22,,accessories,"Hat Sombrero",478
acc_hat_hat_fez_01,acc_hats,1,accessory,hat,0.24,,accessories,"Hat Fez",473
acc_hat_hat_turban_01,acc_hats,1,accessory,hat,0.26,,accessories,"Hat Turban",500
acc_hat_hat_kimono_ribbon_01,acc_hats,1,accessory,hat,0.28,,accessories,"Hat Kimono Ribbon",482
acc_hat_hat_lei_01,acc_hats,1,accessory,hat,0.2,,accessories,"Hat Lei",486
acc_hat_hat_lei_shell_01,acc_hats,1,accessory,hat,0.2,,accessories,"Hat Lei Shell",477
acc_hat_hat_viking_cute_01,acc_hats,1,accessory,hat,0.28,,accessories,"Hat Viking Cute",493
acc_hat_hat_samurai_cute_01,acc_hats,1,accessory,hat,0.28,,accessories,"Hat Samurai Cute",494
acc_hat_hat_knight_cute_01,acc_hats,1,accessory,hat,0.28,,accessories,"Hat Knight Cute",494
acc_hat_hat_pharaoh_cute_01,acc_hats,1,accessory,hat,0.28,,accessories,"Hat Pharaoh Cute",502
acc_hat_hat_jester_01,acc_hats,1,accessory,hat,0.32,,accessories,"Hat Jester",496
acc_hat_hat_clown_cute_01,acc_hats,1,accessory,hat,0.3,,accessories,"Hat Clown Cute",493
acc_hat_hat_mime_01,acc_hats,1,accessory,hat,0.16,,accessories,"Hat Mime",483
acc_hat_hat_superhero_01,acc_hats,1,accessory,hat,0.26,,accessories,"Hat Superhero",490
acc_hat_hat_sidekick_01,acc_hats,1,accessory,hat,0.28,,accessories,"Hat Sidekick",476
acc_hat_hat_ninja_cute_01,acc_hats,1,accessory,hat,0.18,,accessories,"Hat Ninja Cute",488
acc_hat_hat_spy_01,acc_hats,1,accessory,hat,0.22,,accessories,"Hat Spy",478
acc_hat_hat_detective_01,acc_hats,1,accessory,hat,0.22,,accessories,"Hat Detective",480
acc_hat_hat_librarian_01,acc_hats,1,accessory,hat,0.28,,accessories,"Hat Librarian",486
acc_hat_hat_scientist_01,acc_hats,1,accessory,hat,0.3,,accessories,"Hat Scientist",485
acc_hat_hat_gamer_01,acc_hats,1,accessory,hat,0.24,,accessories,"Hat Gamer",477
acc_hat_hat_streamer_01,acc_hats,1,accessory,hat,0.22,,accessories,"Hat Streamer",472
acc_hat_hat_influencer_01,acc_hats,1,accessory,hat,0.26,,accessories,"Hat Influencer",486
acc_hat_hat_tourist_01,acc_hats,1,accessory,hat,0.24,,accessories,"Hat Tourist",482
acc_hat_hat_camper_01,acc_hats,1,accessory,hat,0.22,,accessories,"Hat Camper",489
acc_hat_hat_fisher_01,acc_hats,1,accessory,hat,0.22,,accessories,"Hat Fisher",484
acc_hat_hat_gardener_01,acc_hats,1,accessory,hat,0.24,,accessories,"Hat Gardener",490
acc_hat_hat_baker_01,acc_hats,1,accessory,hat,0.16,,accessories,"Hat Baker",473
acc_hat_hat_butcher_cute_01,acc_hats,1,accessory,hat,0.2,,accessories,"Hat Butcher Cute",493
acc_hat_hat_waiter_01,acc_hats,1,accessory,hat,0.18,,accessories,"Hat Waiter",479
acc_hat_hat_mail_01,acc_hats,1,accessory,hat,0.22,,accessories,"Hat Mail",470
acc_hat_hat_post_01,acc_hats,1,accessory,hat,0.2,,accessories,"Hat Post",478
acc_hat_hat_train_01,acc_hats,1,accessory,hat,0.28,,accessories,"Hat Train",479
acc_hat_hat_car_01,acc_hats,1,accessory,hat,0.24,,accessories,"Hat Car",477
acc_hat_hat_bike_01,acc_hats,1,accessory,hat,0.22,,accessories,"Hat Bike",474
acc_hat_hat_skate_01,acc_hats,1,accessory,hat,0.18,,accessories,"Hat Skate",482
acc_hat_hat_surf_01,acc_hats,1,accessory,hat,0.2,,accessories,"Hat Surf",471
acc_hat_hat_ski_01,acc_hats,1,accessory,hat,0.22,,accessories,"Hat Ski",484
acc_hat_hat_snowboard_01,acc_hats,1,accessory,hat,0.18,,accessories,"Hat Snowboard",474
acc_hat_hat_soccer_01,acc_hats,1,accessory,hat,0.24,,accessories,"Hat Soccer",489
acc_hat_hat_basketball_01,acc_hats,1,accessory,hat,0.24,,accessories,"Hat Basketball",473
acc_hat_hat_tennis_01,acc_hats,1,accessory,hat,0.22,,accessories,"Hat Tennis",479
acc_hat_hat_baseball_01,acc_hats,1,accessory,hat,0.2,,accessories,"Hat Baseball",482
acc_hat_hat_football_01,acc_hats,1,accessory,hat,0.26,,accessories,"Hat Football",490
acc_hat_hat_hockey_01,acc_hats,1,accessory,hat,0.24,,accessories,"Hat Hockey",475
acc_hat_hat_golf_01,acc_hats,1,accessory,hat,0.14,,accessories,"Hat Golf",472
acc_hat_hat_bowling_01,acc_hats,1,accessory,hat,0.24,,accessories,"Hat Bowling",493
acc_hat_hat_dart_01,acc_hats,1,accessory,hat,0.24,,accessories,"Hat Dart",488
acc_hat_hat_chess_01,acc_hats,1,accessory,hat,0.3,,accessories,"Hat Chess",479
acc_hat_hat_pawn_01,acc_hats,1,accessory,hat,0.26,,accessories,"Hat Pawn",462
acc_hat_hat_card_01,acc_hats,1,accessory,hat,0.24,,accessories,"Hat Card",485
acc_hat_hat_joker_01,acc_hats,1,accessory,hat,0.26,,accessories,"Hat Joker",478
acc_hat_hat_domino_01,acc_hats,1,accessory,hat,0.2,,accessories,"Hat Domino",484
acc_hat_hat_puzzle_01,acc_hats,1,accessory,hat,0.22,,accessories,"Hat Puzzle",475
acc_hat_hat_rubik_01,acc_hats,1,accessory,hat,0.24,,accessories,"Hat Rubik",486
acc_hat_hat_yoyo_01,acc_hats,1,accessory,hat,0.22,,accessories,"Hat Yoyo",468
acc_hat_hat_kite_01,acc_hats,1,accessory,hat,0.28,,accessories,"Hat Kite",484
acc_hat_hat_pinwheel_01,acc_hats,1,accessory,hat,0.28,,accessories,"Hat Pinwheel",470
acc_hat_hat_windmill_01,acc_hats,1,accessory,hat,0.3,,accessories,"Hat Windmill",477
acc_hat_hat_lighthouse_01,acc_hats,1,accessory,hat,0.34,,accessories,"Hat Lighthouse",481
acc_hat_hat_castle_01,acc_hats,1,accessory,hat,0.32,,accessories,"Hat Castle",483
acc_hat_hat_tent_01,acc_hats,1,accessory,hat,0.28,,accessories,"Hat Tent",475
acc_hat_hat_igloo_01,acc_hats,1,accessory,hat,0.26,,accessories,"Hat Igloo",471
acc_hat_hat_pyramid_01,acc_hats,1,accessory,hat,0.28,,accessories,"Hat Pyramid",476
acc_hat_hat_temple_01,acc_hats,1,accessory,hat,0.28,,accessories,"Hat Temple",480
acc_hat_hat_pagoda_01,acc_hats,1,accessory,hat,0.32,,accessories,"Hat Pagoda",474
acc_hat_hat_totem_01,acc_hats,1,accessory,hat,0.3,,accessories,"Hat Totem",486
acc_hat_hat_mask_tribal_01,acc_hats,1,accessory,hat,0.26,,accessories,"Hat Mask Tribal",506
acc_hat_hat_feather_01,acc_hats,1,accessory,hat,0.3,,accessories,"Hat Feather",476
acc_hat_hat_peacock_01,acc_hats,1,accessory,hat,0.32,,accessories,"Hat Peacock",478
acc_hat_hat_owl_01,acc_hats,1,accessory,hat,0.28,,accessories,"Hat Owl",489
acc_hat_hat_fox_01,acc_hats,1,accessory,hat,0.28,,accessories,"Hat Fox",477
acc_hat_hat_bear_01,acc_hats,1,accessory,hat,0.24,,accessories,"Hat Bear",479
acc_hat_hat_panda_01,acc_hats,1,accessory,hat,0.24,,accessories,"Hat Panda",478
acc_hat_hat_penguin_01,acc_hats,1,accessory,hat,0.28,,accessories,"Hat Penguin",484
acc_hat_hat_chick_01,acc_hats,1,accessory,hat,0.26,,accessories,"Hat Chick",482
acc_hat_hat_duckling_01,acc_hats,1,accessory,hat,0.26,,accessories,"Hat Duckling",474
acc_hat_hat_piglet_01,acc_hats,1,accessory,hat,0.24,,accessories,"Hat Piglet",465
acc_hat_hat_lamb_01,acc_hats,1,accessory,hat,0.24,,accessories,"Hat Lamb",491
acc_hat_hat_cow_01,acc_hats,1,accessory,hat,0.24,,accessories,"Hat Cow",483
acc_hat_hat_horse_01,acc_hats,1,accessory,hat,0.26,,accessories,"Hat Horse",475
acc_hat_hat_unicorn_01,acc_hats,1,accessory,hat,0.3,,accessories,"Hat Unicorn",489
acc_hat_hat_dragon_cute_01,acc_hats,1,accessory,hat,0.28,,accessories,"Hat Dragon Cute",486
acc_hat_hat_phoenix_01,acc_hats,1,accessory,hat,0.32,,accessories,"Hat Phoenix",489
acc_hat_hat_griffin_01,acc_hats,1,accessory,hat,0.28,,accessories,"Hat Griffin",473
acc_hat_hat_mermaid_01,acc_hats,1,accessory,hat,0.26,,accessories,"Hat Mermaid",480
acc_hat_hat_trident_01,acc_hats,1,accessory,hat,0.28,,accessories,"Hat Trident",477
acc_hat_hat_anchor_01,acc_hats,1,accessory,hat,0.26,,accessories,"Hat Anchor",468
acc_hat_hat_wheel_01,acc_hats,1,accessory,hat,0.26,,accessories,"Hat Wheel",478
acc_hat_hat_compass_01,acc_hats,1,accessory,hat,0.22,,accessories,"Hat Compass",484
acc_hat_hat_map_01,acc_hats,1,accessory,hat,0.2,,accessories,"Hat Map",479
acc_hat_hat_binoculars_01,acc_hats,1,accessory,hat,0.22,,accessories,"Hat Binoculars",472
acc_hat_hat_telescope_01,acc_hats,1,accessory,hat,0.3,,accessories,"Hat Telescope",479
acc_hat_hat_hourglass_01,acc_hats,1,accessory,hat,0.28,,accessories,"Hat Hourglass",472
acc_hat_hat_clock_01,acc_hats,1,accessory,hat,0.24,,accessories,"Hat Clock",483
acc_hat_hat_alarm_01,acc_hats,1,accessory,hat,0.26,,accessories,"Hat Alarm",474
acc_hat_hat_bell_big_01,acc_hats,1,accessory,hat,0.28,,accessories,"Hat Bell Big",476
acc_hat_hat_gong_01,acc_hats,1,accessory,hat,0.24,,accessories,"Hat Gong",465
acc_hat_hat_drum_01,acc_hats,1,accessory,hat,0.24,,accessories,"Hat Drum",467
acc_hat_hat_guitar_01,acc_hats,1,accessory,hat,0.28,,accessories,"Hat Guitar",475
acc_hat_hat_piano_01,acc_hats,1,accessory,hat,0.18,,accessories,"Hat Piano",481
acc_hat_hat_mic_01,acc_hats,1,accessory,hat,0.28,,accessories,"Hat Mic",480
acc_hat_hat_vinyl_01,acc_hats,1,accessory,hat,0.18,,accessories,"Hat Vinyl",478
acc_hat_hat_cd_01,acc_hats,1,accessory,hat,0.16,,accessories,"Hat Cd",489
acc_hat_hat_cassette_01,acc_hats,1,accessory,hat,0.18,,accessories,"Hat Cassette",477
acc_hat_hat_radio_01,acc_hats,1,accessory,hat,0.24,,accessories,"Hat Radio",477
acc_hat_hat_walkie_01,acc_hats,1,accessory,hat,0.28,,accessories,"Hat Walkie",480
acc_hat_hat_phone_old_01,acc_hats,1,accessory,hat,0.26,,accessories,"Hat Phone Old",475
acc_hat_hat_typewriter_01,acc_hats,1,accessory,hat,0.24,,accessories,"Hat Typewriter",473
acc_hat_hat_pencil_01,acc_hats,1,accessory,hat,0.34,,accessories,"Hat Pencil",486
acc_hat_hat_crayon_01,acc_hats,1,accessory,hat,0.32,,accessories,"Hat Crayon",469
acc_hat_hat_paintbrush_01,acc_hats,1,accessory,hat,0.32,,accessories,"Hat Paintbrush",489
acc_hat_hat_palette_01,acc_hats,1,accessory,hat,0.22,,accessories,"Hat Palette",489
acc_hat_hat_scissors_01,acc_hats,1,accessory,hat,0.24,,accessories,"Hat Scissors",487
acc_hat_hat_ruler_01,acc_hats,1,accessory,hat,0.18,,accessories,"Hat Ruler",476
acc_hat_hat_globe_01,acc_hats,1,accessory,hat,0.26,,accessories,"Hat Globe",483
acc_hat_hat_atom_01,acc_hats,1,accessory,hat,0.28,,accessories,"Hat Atom",472
acc_hat_hat_dna_01,acc_hats,1,accessory,hat,0.3,,accessories,"Hat Dna",476
acc_hat_hat_heart_pixel_01,acc_hats,1,accessory,hat,0.24,,accessories,"Hat Heart Pixel",478
acc_hat_hat_star_pixel_01,acc_hats,1,accessory,hat,0.24,,accessories,"Hat Star Pixel",478
acc_hat_hat_gem_pixel_01,acc_hats,1,accessory,hat,0.24,,accessories,"Hat Gem Pixel",475
acc_hat_hat_coin_pixel_01,acc_hats,1,accessory,hat,0.2,,accessories,"Hat Coin Pixel",476
acc_hat_hat_sword_toy_01,acc_hats,1,accessory,hat,0.28,,accessories,"Hat Sword Toy",494
acc_hat_hat_shield_toy_01,acc_hats,1,accessory,hat,0.26,,accessories,"Hat Shield Toy",472
acc_hat_hat_bow_toy_01,acc_hats,1,accessory,hat,0.24,,accessories,"Hat Bow Toy",476
acc_hat_hat_wand_01,acc_hats,1,accessory,hat,0.32,,accessories,"Hat Wand",482
acc_hat_hat_potion_01,acc_hats,1,accessory,hat,0.3,,accessories,"Hat Potion",487
acc_hat_hat_cauldron_01,acc_hats,1,accessory,hat,0.26,,accessories,"Hat Cauldron",495
acc_hat_hat_crystal_ball_01,acc_hats,1,accessory,hat,0.28,,accessories,"Hat Crystal Ball",484
acc_hat_hat_tarot_01,acc_hats,1,accessory,hat,0.24,,accessories,"Hat Tarot",484
acc_hat_hat_ouija_cute_01,acc_hats,1,accessory,hat,0.2,,accessories,"Hat Ouija Cute",504
acc_hat_hat_ghost_cute_01,acc_hats,1,accessory,hat,0.28,,accessories,"Hat Ghost Cute",489
acc_hat_hat_bat_cute_01,acc_hats,1,accessory,hat,0.26,,accessories,"Hat Bat Cute",481
acc_hat_hat_spider_cute_01,acc_hats,1,accessory,hat,0.22,,accessories,"Hat Spider Cute",491
acc_hat_hat_web_cute_01,acc_hats,1,accessory,hat,0.2,,accessories,"Hat Web Cute",473
acc_hat_hat_skull_candy_01,acc_hats,1,accessory,hat,0.26,,accessories,"Hat Skull Candy",495
acc_hat_hat_bone_01,acc_hats,1,accessory,hat,0.2,,accessories,"Hat Bone",463
acc_hat_hat_zombie_cute_01,acc_hats,1,accessory,hat,0.24,,accessories,"Hat Zombie Cute",494
acc_hat_hat_mummy_cute_01,acc_hats,1,accessory,hat,0.22,,accessories,"Hat Mummy Cute",481
acc_hat_hat_vampire_cute_01,acc_hats,1,accessory,hat,0.24,,accessories,"Hat Vampire Cute",482
acc_hat_hat_werewolf_cute_01,acc_hats,1,accessory,hat,0.26,,accessories,"Hat Werewolf Cute",471
acc_hat_hat_alien_cute_01,acc_hats,1,accessory,hat,0.28,,accessories,"Hat Alien Cute",475
acc_hat_hat_monster_cute_01,acc_hats,1,accessory,hat,0.28,,accessories,"Hat Monster Cute",483
acc_hat_hat_slime_01,acc_hats,1,accessory,hat,0.24,,accessories,"Hat Slime",485
acc_hat_hat_goo_01,acc_hats,1,accessory,hat,0.22,,accessories,"Hat Goo",463
acc_hat_hat_gelatin_01,acc_hats,1,accessory,hat,0.22,,accessories,"Hat Gelatin",482
acc_hat_hat_neon_01,acc_hats,1,accessory,hat,0.2,,accessories,"Hat Neon",477
acc_hat_hat_glowstick_01,acc_hats,1,accessory,hat,0.24,,accessories,"Hat Glowstick",473
acc_hat_hat_disco_01,acc_hats,1,accessory,hat,0.26,,accessories,"Hat Disco",495
acc_hat_hat_mirror_01,acc_hats,1,accessory,hat,0.28,,accessories,"Hat Mirror",484
acc_hat_hat_comb_01,acc_hats,1,accessory,hat,0.22,,accessories,"Hat Comb",467
acc_hat_hat_brush_01,acc_hats,1,accessory,hat,0.26,,accessories,"Hat Brush",471
acc_hat_hat_soap_01,acc_hats,1,accessory,hat,0.18,,accessories,"Hat Soap",483
acc_hat_hat_sponge_01,acc_hats,1,accessory,hat,0.2,,accessories,"Hat Sponge",460
acc_hat_hat_towel_01,acc_hats,1,accessory,hat,0.26,,accessories,"Hat Towel",477
acc_hat_hat_shower_01,acc_hats,1,accessory,hat,0.2,,accessories,"Hat Shower",479
acc_hat_hat_rubber_duck_01,acc_hats,1,accessory,hat,0.26,,accessories,"Hat Rubber Duck",465
acc_hat_hat_bathtub_01,acc_hats,1,accessory,hat,0.24,,accessories,"Hat Bathtub",477
acc_hat_hat_toilet_cute_01,acc_hats,1,accessory,hat,0.24,,accessories,"Hat Toilet Cute",497
acc_hat_hat_plunger_cute_01,acc_hats,1,accessory,hat,0.28,,accessories,"Hat Plunger Cute",482
acc_hat_hat_boot_single_01,acc_hats,1,accessory,hat,0.28,,accessories,"Hat Boot Single",475
acc_hat_hat_sock_01,acc_hats,1,accessory,hat,0.26,,accessories,"Hat Sock",478
acc_hat_hat_glove_single_01,acc_hats,1,accessory,hat,0.24,,accessories,"Hat Glove Single",469
acc_hat_hat_scarf_wrap_01,acc_hats,1,accessory,hat,0.22,,accessories,"Hat Scarf Wrap",472
acc_hat_hat_tie_01,acc_hats,1,accessory,hat,0.28,,accessories,"Hat Tie",481
acc_hat_hat_bowtie_big_01,acc_hats,1,accessory,hat,0.22,,accessories,"Hat Bowtie Big",478
acc_hat_hat_suspenders_01,acc_hats,1,accessory,hat,0.24,,accessories,"Hat Suspenders",479
acc_hat_hat_belt_01,acc_hats,1,accessory,hat,0.2,,accessories,"Hat Belt",491
acc_hat_hat_watch_01,acc_hats,1,accessory,hat,0.22,,accessories,"Hat Watch",488
acc_hat_hat_ring_big_01,acc_hats,1,accessory,hat,0.2,,accessories,"Hat Ring Big",479
acc_hat_hat_key_01,acc_hats,1,accessory,hat,0.28,,accessories,"Hat Key",465
acc_hat_hat_lock_01,acc_hats,1,accessory,hat,0.24,,accessories,"Hat Lock",471
acc_hat_hat_safe_01,acc_hats,1,accessory,hat,0.26,,accessories,"Hat Safe",476
acc_hat_hat_piggy_01,acc_hats,1,accessory,hat,0.26,,accessories,"Hat Piggy",462
acc_hat_hat_wallet_01,acc_hats,1,accessory,hat,0.18,,accessories,"Hat Wallet",469
acc_hat_hat_purse_01,acc_hats,1,accessory,hat,0.24,,accessories,"Hat Purse",467
acc_hat_hat_backpack_mini_01,acc_hats,1,accessory,hat,0.26,,accessories,"Hat Backpack Mini",476
acc_hat_hat_suitcase_01,acc_hats,1,accessory,hat,0.24,,accessories,"Hat Suitcase",471
acc_hat_hat_umbrella_01,acc_hats,1,accessory,hat,0.28,,accessories,"Hat Umbrella",476
acc_hat_hat_parasol_01,acc_hats,1,accessory,hat,0.28,,accessories,"Hat Parasol",469
acc_hat_hat_fan_01,acc_hats,1,accessory,hat,0.22,,accessories,"Hat Fan",479
acc_hat_hat_flag_party_01,acc_hats,1,accessory,hat,0.28,,accessories,"Hat Flag Party",468
acc_hat_hat_banner_mini_01,acc_hats,1,accessory,hat,0.26,,accessories,"Hat Banner Mini",482
acc_hat_hat_ribbon_01,acc_hats,1,accessory,hat,0.24,,accessories,"Hat Ribbon",471
acc_hat_hat_gift_bow_01,acc_hats,1,accessory,hat,0.26,,accessories,"Hat Gift Bow",480
acc_hat_hat_tag_01,acc_hats,1,accessory,hat,0.22,,accessories,"Hat Tag",472
acc_hat_hat_barcode_01,acc_hats,1,accessory,hat,0.18,,accessories,"Hat Barcode",480
acc_hat_hat_qr_cute_01,acc_hats,1,accessory,hat,0.2,,accessories,"Hat Qr Cute",496
acc_hat_hat_wifi_01,acc_hats,1,accessory,hat,0.24,,accessories,"Hat Wifi",467
acc_hat_hat_battery_01,acc_hats,1,accessory,hat,0.26,,accessories,"Hat Battery",471
acc_hat_hat_plug_01,acc_hats,1,accessory,hat,0.24,,accessories,"Hat Plug",487
acc_hat_hat_lightbulb_01,acc_hats,1,accessory,hat,0.3,,accessories,"Hat Lightbulb",478
acc_hat_hat_candle_jar_01,acc_hats,1,accessory,hat,0.28,,accessories,"Hat Candle Jar",488
acc_hat_hat_fireplace_01,acc_hats,1,accessory,hat,0.28,,accessories,"Hat Fireplace",494
acc_hat_hat_chimney_01,acc_hats,1,accessory,hat,0.32,,accessories,"Hat Chimney",492
acc_hat_hat_roof_01,acc_hats,1,accessory,hat,0.26,,accessories,"Hat Roof",472
acc_hat_hat_door_01,acc_hats,1,accessory,hat,0.28,,accessories,"Hat Door",477
acc_hat_hat_window_01,acc_hats,1,accessory,hat,0.24,,accessories,"Hat Window",474
acc_hat_hat_fence_01,acc_hats,1,accessory,hat,0.22,,accessories,"Hat Fence",469
acc_hat_hat_mailbox_01,acc_hats,1,accessory,hat,0.28,,accessories,"Hat Mailbox",470
acc_hat_hat_hydrant_01,acc_hats,1,accessory,hat,0.3,,accessories,"Hat Hydrant",469
acc_hat_hat_traffic_01,acc_hats,1,accessory,hat,0.32,,accessories,"Hat Traffic",486
acc_hat_hat_stop_01,acc_hats,1,accessory,hat,0.26,,accessories,"Hat Stop",476
acc_hat_hat_yield_01,acc_hats,1,accessory,hat,0.24,,accessories,"Hat Yield",474
acc_hat_hat_arrow_01,acc_hats,1,accessory,hat,0.26,,accessories,"Hat Arrow",468
acc_hat_hat_parking_01,acc_hats,1,accessory,hat,0.3,,accessories,"Hat Parking",475
acc_hat_hat_meter_01,acc_hats,1,accessory,hat,0.28,,accessories,"Hat Meter",475
acc_hat_hat_gas_01,acc_hats,1,accessory,hat,0.32,,accessories,"Hat Gas",481
acc_hat_hat_ev_01,acc_hats,1,accessory,hat,0.3,,accessories,"Hat Ev",472
acc_hat_hat_solar_01,acc_hats,1,accessory,hat,0.18,,accessories,"Hat Solar",475
acc_hat_hat_wind_01,acc_hats,1,accessory,hat,0.32,,accessories,"Hat Wind",474
acc_hat_hat_recycle_01,acc_hats,1,accessory,hat,0.24,,accessories,"Hat Recycle",471
acc_hat_hat_leaf_eco_01,acc_hats,1,accessory,hat,0.24,,accessories,"Hat Leaf Eco",461
acc_hat_hat_earth_01,acc_hats,1,accessory,hat,0.26,,accessories,"Hat Earth",473
acc_hat_hat_moon_full_01,acc_hats,1,accessory,hat,0.26,,accessories,"Hat Moon Full",474
acc_hat_hat_sun_simple_01,acc_hats,1,accessory,hat,0.28,,accessories,"Hat Sun Simple",474
acc_hat_hat_eclipse_01,acc_hats,1,accessory,hat,0.26,,accessories,"Hat Eclipse",475
acc_hat_hat_milky_01,acc_hats,1,accessory,hat,0.26,,accessories,"Hat Milky",479
acc_hat_hat_blackhole_cute_01,acc_hats,1,accessory,hat,0.24,,accessories,"Hat Blackhole Cute",491
acc_hat_hat_portal_01,acc_hats,1,accessory,hat,0.28,,accessories,"Hat Portal",481
acc_hat_hat_wormhole_01,acc_hats,1,accessory,hat,0.24,,accessories,"Hat Wormhole",475
acc_hat_hat_dimension_01,acc_hats,1,accessory,hat,0.26,,accessories,"Hat Dimension",476
acc_hat_hat_glitch_01,acc_hats,1,accessory,hat,0.24,,accessories,"Hat Glitch",484
acc_hat_hat_error_cute_01,acc_hats,1,accessory,hat,0.22,,accessories,"Hat Error Cute",479
acc_hat_hat_loading_01,acc_hats,1,accessory,hat,0.22,,accessories,"Hat Loading",472
acc_hat_hat_cursor_01,acc_hats,1,accessory,hat,0.24,,accessories,"Hat Cursor",471
acc_hat_hat_pointer_01,acc_hats,1,accessory,hat,0.24,,accessories,"Hat Pointer",475
acc_hat_hat_click_01,acc_hats,1,accessory,hat,0.2,,accessories,"Hat Click",470
acc_hat_hat_like_01,acc_hats,1,accessory,hat,0.24,,accessories,"Hat Like",462
acc_hat_hat_love_01,acc_hats,1,accessory,hat,0.24,,accessories,"Hat Love",464
acc_hat_hat_fire_emoji_01,acc_hats,1,accessory,hat,0.26,,accessories,"Hat Fire Emoji",488
acc_hat_hat_100_01,acc_hats,1,accessory,hat,0.22,,accessories,"Hat 100",488
acc_hat_hat_star_eyes_01,acc_hats,1,accessory,hat,0.22,,accessories,"Hat Star Eyes",469
acc_hat_hat_sparkles_01,acc_hats,1,accessory,hat,0.24,,accessories,"Hat Sparkles",475
acc_hat_hat_zzz_01,acc_hats,1,accessory,hat,0.24,,accessories,"Hat Zzz",473
acc_hat_hat_music_note_01,acc_hats,1,accessory,hat,0.28,,accessories,"Hat Music Note",465
acc_hat_hat_eightbit_01,acc_hats,1,accessory,hat,0.22,,accessories,"Hat Eightbit",482
acc_necklace_ocean_pearl_01,acc_necklaces,1,accessory,necklace,0.18,,accessories,"Ocean Pearl",485
acc_necklace_forest_vine_01,acc_necklaces,1,accessory,necklace,0.16,,accessories,"Forest Vine",471
acc_necklace_lava_charm_01,acc_necklaces,1,accessory,necklace,0.18,,accessories,"Lava Charm",490
acc_necklace_sky_cloud_01,acc_necklaces,1,accessory,necklace,0.18,,accessories,"Sky Cloud",480
acc_necklace_ice_flake_01,acc_necklaces,1,accessory,necklace,0.18,,accessories,"Ice Flake",481
acc_necklace_candy_heart_01,acc_necklaces,1,accessory,necklace,0.18,,accessories,"Candy Heart",467
acc_necklace_race_whistle_01,acc_necklaces,1,accessory,necklace,0.16,,accessories,"Race Whistle",462
acc_necklace_vibe_orb_01,acc_necklaces,1,accessory,necklace,0.18,,accessories,"Vibe Orb",475
acc_necklace_shooter_star_01,acc_necklaces,1,accessory,necklace,0.18,,accessories,"Shooter Star",462
acc_necklace_party_lei_01,acc_necklaces,1,accessory,necklace,0.16,,accessories,"Party Lei",474
acc_necklace_gold_chain_01,acc_necklaces,1,accessory,necklace,0.16,,accessories,"Gold Chain",476
acc_necklace_silver_chain_01,acc_necklaces,1,accessory,necklace,0.16,,accessories,"Silver Chain",467
acc_necklace_rainbow_chain_01,acc_necklaces,1,accessory,necklace,0.16,,accessories,"Rainbow Chain",459
acc_necklace_tooth_cute_01,acc_necklaces,1,accessory,necklace,0.16,,accessories,"Tooth Cute",474
acc_necklace_key_charm_01,acc_necklaces,1,accessory,necklace,0.18,,accessories,"Key Charm",460
acc_necklace_locket_blank_01,acc_necklaces,1,accessory,necklace,0.18,,accessories,"Locket Blank",474
acc_necklace_camera_charm_01,acc_necklaces,1,accessory,necklace,0.16,,accessories,"Camera Charm",467
acc_necklace_mic_charm_01,acc_necklaces,1,accessory,necklace,0.16,,accessories,"Mic Charm",460
acc_necklace_ticket_charm_01,acc_necklaces,1,accessory,necklace,0.16,,accessories,"Ticket Charm",470
acc_necklace_coin_charm_01,acc_necklaces,1,accessory,necklace,0.18,,accessories,"Coin Charm",475
acc_necklace_gem_teal_01,acc_necklaces,1,accessory,necklace,0.18,,accessories,"Gem Teal",466
acc_necklace_gem_pink_01,acc_necklaces,1,accessory,necklace,0.18,,accessories,"Gem Pink",465
acc_necklace_gem_lime_01,acc_necklaces,1,accessory,necklace,0.18,,accessories,"Gem Lime",465
acc_necklace_gem_indigo_01,acc_necklaces,1,accessory,necklace,0.18,,accessories,"Gem Indigo",468
acc_necklace_amulet_sun_01,acc_necklaces,1,accessory,necklace,0.18,,accessories,"Amulet Sun",469
acc_necklace_amulet_moon_01,acc_necklaces,1,accessory,necklace,0.18,,accessories,"Amulet Moon",470
acc_necklace_amulet_star_01,acc_necklaces,1,accessory,necklace,0.18,,accessories,"Amulet Star",467
acc_necklace_amulet_leaf_01,acc_necklaces,1,accessory,necklace,0.16,,accessories,"Amulet Leaf",458
acc_necklace_amulet_shell_01,acc_necklaces,1,accessory,necklace,0.18,,accessories,"Amulet Shell",466
acc_necklace_amulet_flame_01,acc_necklaces,1,accessory,necklace,0.18,,accessories,"Amulet Flame",479
acc_necklace_amulet_wave_01,acc_necklaces,1,accessory,necklace,0.16,,accessories,"Amulet Wave",458
acc_necklace_amulet_bolt_01,acc_necklaces,1,accessory,necklace,0.16,,accessories,"Amulet Bolt",473
acc_necklace_collar_spikes_soft_01,acc_necklaces,1,accessory,necklace,0.14,,accessories,"Collar Spikes Soft",474
acc_necklace_collar_bow_01,acc_necklaces,1,accessory,necklace,0.14,,accessories,"Collar Bow",465
acc_necklace_collar_bells_01,acc_necklaces,1,accessory,necklace,0.16,,accessories,"Collar Bells",468
acc_necklace_collar_tag_01,acc_necklaces,1,accessory,necklace,0.14,,accessories,"Collar Tag",471
acc_necklace_scarf_loop_01,acc_necklaces,1,accessory,necklace,0.16,,accessories,"Scarf Loop",472
acc_necklace_bandana_neck_01,acc_necklaces,1,accessory,necklace,0.14,,accessories,"Bandana Neck",469
acc_necklace_choker_heart_01,acc_necklaces,1,accessory,necklace,0.12,,accessories,"Choker Heart",459
acc_necklace_choker_star_01,acc_necklaces,1,accessory,necklace,0.12,,accessories,"Choker Star",460
acc_necklace_choker_pearl_01,acc_necklaces,1,accessory,necklace,0.12,,accessories,"Choker Pearl",467
acc_necklace_choker_velvet_01,acc_necklaces,1,accessory,necklace,0.12,,accessories,"Choker Velvet",473
acc_necklace_pendant_egg_01,acc_necklaces,1,accessory,necklace,0.16,,accessories,"Pendant Egg",470
acc_necklace_pendant_mushroom_01,acc_necklaces,1,accessory,necklace,0.16,,accessories,"Pendant Mushroom",468
acc_necklace_pendant_crystal_01,acc_necklaces,1,accessory,necklace,0.16,,accessories,"Pendant Crystal",468
acc_necklace_pendant_orb_01,acc_necklaces,1,accessory,necklace,0.16,,accessories,"Pendant Orb",473
acc_necklace_pendant_target_01,acc_necklaces,1,accessory,necklace,0.16,,accessories,"Pendant Target",466
acc_necklace_pendant_blaster_01,acc_necklaces,1,accessory,necklace,0.16,,accessories,"Pendant Blaster",479
acc_necklace_pendant_cone_01,acc_necklaces,1,accessory,necklace,0.16,,accessories,"Pendant Cone",467
acc_necklace_pendant_flag_01,acc_necklaces,1,accessory,necklace,0.16,,accessories,"Pendant Flag",471
acc_necklace_pendant_trophy_01,acc_necklaces,1,accessory,necklace,0.18,,accessories,"Pendant Trophy",464
acc_necklace_pendant_medal_alt_01,acc_necklaces,1,accessory,necklace,0.18,,accessories,"Pendant Medal Alt",473
acc_necklace_pendant_crown_01,acc_necklaces,1,accessory,necklace,0.16,,accessories,"Pendant Crown",469
acc_necklace_pendant_cake_01,acc_necklaces,1,accessory,necklace,0.16,,accessories,"Pendant Cake",465
acc_necklace_pendant_donut_01,acc_necklaces,1,accessory,necklace,0.14,,accessories,"Pendant Donut",465
acc_necklace_pendant_cookie_01,acc_necklaces,1,accessory,necklace,0.14,,accessories,"Pendant Cookie",467
acc_necklace_pendant_lolli_01,acc_necklaces,1,accessory,necklace,0.18,,accessories,"Pendant Lolli",463
acc_necklace_pendant_ice_01,acc_necklaces,1,accessory,necklace,0.18,,accessories,"Pendant Ice",467
acc_necklace_pendant_popcorn_01,acc_necklaces,1,accessory,necklace,0.14,,accessories,"Pendant Popcorn",466
acc_necklace_pendant_balloon_01,acc_necklaces,1,accessory,necklace,0.16,,accessories,"Pendant Balloon",460
acc_necklace_pendant_gift_01,acc_necklaces,1,accessory,necklace,0.16,,accessories,"Pendant Gift",465
acc_necklace_pendant_letter_01,acc_necklaces,1,accessory,necklace,0.14,,accessories,"Pendant Letter",472
acc_necklace_pendant_heart_lock_01,acc_necklaces,1,accessory,necklace,0.16,,accessories,"Pendant Heart Lock",468
acc_necklace_pendant_music_01,acc_necklaces,1,accessory,necklace,0.16,,accessories,"Pendant Music",468
acc_necklace_pendant_game_01,acc_necklaces,1,accessory,necklace,0.14,,accessories,"Pendant Game",465
acc_necklace_pendant_dice_01,acc_necklaces,1,accessory,necklace,0.14,,accessories,"Pendant Dice",474
acc_necklace_pendant_clover_01,acc_necklaces,1,accessory,necklace,0.14,,accessories,"Pendant Clover",471
acc_necklace_pendant_horseshoe_01,acc_necklaces,1,accessory,necklace,0.14,,accessories,"Pendant Horseshoe",464
acc_necklace_pendant_anchor_01,acc_necklaces,1,accessory,necklace,0.16,,accessories,"Pendant Anchor",465
acc_necklace_pendant_compass_01,acc_necklaces,1,accessory,necklace,0.14,,accessories,"Pendant Compass",471
acc_necklace_pendant_planet_01,acc_necklaces,1,accessory,necklace,0.16,,accessories,"Pendant Planet",471
acc_necklace_pendant_rocket_01,acc_necklaces,1,accessory,necklace,0.16,,accessories,"Pendant Rocket",469
acc_necklace_pendant_alien_01,acc_necklaces,1,accessory,necklace,0.14,,accessories,"Pendant Alien",470
acc_necklace_pendant_ghost_01,acc_necklaces,1,accessory,necklace,0.14,,accessories,"Pendant Ghost",466
acc_necklace_pendant_pumpkin_01,acc_necklaces,1,accessory,necklace,0.14,,accessories,"Pendant Pumpkin",469
acc_necklace_pendant_snowman_01,acc_necklaces,1,accessory,necklace,0.16,,accessories,"Pendant Snowman",472
acc_necklace_pendant_tree_01,acc_necklaces,1,accessory,necklace,0.16,,accessories,"Pendant Tree",470
acc_necklace_pendant_flower_01,acc_necklaces,1,accessory,necklace,0.14,,accessories,"Pendant Flower",464
acc_necklace_pendant_bee_01,acc_necklaces,1,accessory,necklace,0.14,,accessories,"Pendant Bee",472
acc_necklace_pendant_butterfly_01,acc_necklaces,1,accessory,necklace,0.14,,accessories,"Pendant Butterfly",467
acc_necklace_pendant_fish_01,acc_necklaces,1,accessory,necklace,0.14,,accessories,"Pendant Fish",464
acc_necklace_pendant_cat_01,acc_necklaces,1,accessory,necklace,0.14,,accessories,"Pendant Cat",475
acc_necklace_pendant_dog_01,acc_necklaces,1,accessory,necklace,0.14,,accessories,"Pendant Dog",475
acc_necklace_pendant_frog_01,acc_necklaces,1,accessory,necklace,0.14,,accessories,"Pendant Frog",475
acc_necklace_pendant_duck_01,acc_necklaces,1,accessory,necklace,0.14,,accessories,"Pendant Duck",461
acc_necklace_pendant_unicorn_01,acc_necklaces,1,accessory,necklace,0.16,,accessories,"Pendant Unicorn",466
acc_necklace_pendant_dragon_01,acc_necklaces,1,accessory,necklace,0.16,,accessories,"Pendant Dragon",466
acc_necklace_pendant_phoenix_01,acc_necklaces,1,accessory,necklace,0.16,,accessories,"Pendant Phoenix",475
acc_necklace_pendant_rainbow_01,acc_necklaces,1,accessory,necklace,0.14,,accessories,"Pendant Rainbow",468
acc_necklace_pendant_cloud_rain_01,acc_necklaces,1,accessory,necklace,0.14,,accessories,"Pendant Cloud Rain",466
acc_necklace_pendant_suncloud_01,acc_necklaces,1,accessory,necklace,0.14,,accessories,"Pendant Suncloud",473
acc_necklace_pendant_lightning_01,acc_necklaces,1,accessory,necklace,0.14,,accessories,"Pendant Lightning",475
acc_necklace_pendant_heart_pixel_01,acc_necklaces,1,accessory,necklace,0.14,,accessories,"Pendant Heart Pixel",467
acc_necklace_pendant_star_pixel_01,acc_necklaces,1,accessory,necklace,0.14,,accessories,"Pendant Star Pixel",467
acc_necklace_pendant_coin_stack_01,acc_necklaces,1,accessory,necklace,0.16,,accessories,"Pendant Coin Stack",465
acc_necklace_pendant_gem_cluster_01,acc_necklaces,1,accessory,necklace,0.16,,accessories,"Pendant Gem Cluster",471
acc_necklace_pendant_party_pop_01,acc_necklaces,1,accessory,necklace,0.16,,accessories,"Pendant Party Pop",468
acc_necklace_pendant_confetti_01,acc_necklaces,1,accessory,necklace,0.14,,accessories,"Pendant Confetti",472
acc_necklace_pendant_hype_01,acc_necklaces,1,accessory,necklace,0.16,,accessories,"Pendant Hype",480
acc_necklace_pendant_nest_01,acc_necklaces,1,accessory,necklace,0.16,,accessories,"Pendant Nest",471
acc_necklace_pendant_pudgy_01,acc_necklaces,1,accessory,necklace,0.14,,accessories,"Pendant Pudgy",482
acc_necklace_beads_ocean_01,acc_necklaces,1,accessory,necklace,0.16,,accessories,"Beads Ocean",465
acc_necklace_beads_forest_01,acc_necklaces,1,accessory,necklace,0.16,,accessories,"Beads Forest",459
acc_necklace_beads_lava_01,acc_necklaces,1,accessory,necklace,0.16,,accessories,"Beads Lava",463
acc_necklace_beads_sky_01,acc_necklaces,1,accessory,necklace,0.16,,accessories,"Beads Sky",458
acc_necklace_beads_party_01,acc_necklaces,1,accessory,necklace,0.16,,accessories,"Beads Party",472
acc_necklace_beads_gold_01,acc_necklaces,1,accessory,necklace,0.16,,accessories,"Beads Gold",465
acc_necklace_beads_pastel_01,acc_necklaces,1,accessory,necklace,0.16,,accessories,"Beads Pastel",471
acc_necklace_beads_neon_01,acc_necklaces,1,accessory,necklace,0.16,,accessories,"Beads Neon",477
acc_necklace_beads_ice_01,acc_necklaces,1,accessory,necklace,0.16,,accessories,"Beads Ice",462
acc_necklace_beads_candy_01,acc_necklaces,1,accessory,necklace,0.16,,accessories,"Beads Candy",478
acc_necklace_ribbon_cyan_01,acc_necklaces,1,accessory,necklace,0.16,,accessories,"Ribbon Cyan",467
acc_necklace_ribbon_pink_01,acc_necklaces,1,accessory,necklace,0.16,,accessories,"Ribbon Pink",468
acc_necklace_ribbon_yellow_01,acc_necklaces,1,accessory,necklace,0.16,,accessories,"Ribbon Yellow",467
acc_necklace_ribbon_rainbow_01,acc_necklaces,1,accessory,necklace,0.16,,accessories,"Ribbon Rainbow",463
acc_necklace_ribbon_gold_01,acc_necklaces,1,accessory,necklace,0.16,,accessories,"Ribbon Gold",464
acc_necklace_scarf_racer_01,acc_necklaces,1,accessory,necklace,0.16,,accessories,"Scarf Racer",463
acc_necklace_scarf_vibe_01,acc_necklaces,1,accessory,necklace,0.16,,accessories,"Scarf Vibe",465
acc_necklace_scarf_shooter_01,acc_necklaces,1,accessory,necklace,0.16,,accessories,"Scarf Shooter",467
acc_necklace_scarf_party_01,acc_necklaces,1,accessory,necklace,0.16,,accessories,"Scarf Party",463
acc_necklace_scarf_winter_01,acc_necklaces,1,accessory,necklace,0.16,,accessories,"Scarf Winter",466
acc_necklace_lei_shell_01,acc_necklaces,1,accessory,necklace,0.16,,accessories,"Lei Shell",464
acc_necklace_lei_candy_01,acc_necklaces,1,accessory,necklace,0.16,,accessories,"Lei Candy",468
acc_necklace_lei_light_01,acc_necklaces,1,accessory,necklace,0.16,,accessories,"Lei Light",475
acc_necklace_lei_paper_01,acc_necklaces,1,accessory,necklace,0.16,,accessories,"Lei Paper",463
acc_necklace_medal_bronze_01,acc_necklaces,1,accessory,necklace,0.18,,accessories,"Medal Bronze",474
acc_necklace_medal_silver_01,acc_necklaces,1,accessory,necklace,0.18,,accessories,"Medal Silver",474
acc_necklace_medal_rainbow_01,acc_necklaces,1,accessory,necklace,0.18,,accessories,"Medal Rainbow",469
acc_necklace_medal_star_01,acc_necklaces,1,accessory,necklace,0.18,,accessories,"Medal Star",467
acc_necklace_medal_heart_01,acc_necklaces,1,accessory,necklace,0.18,,accessories,"Medal Heart",469
acc_necklace_medal_egg_01,acc_necklaces,1,accessory,necklace,0.18,,accessories,"Medal Egg",473
acc_necklace_bell_gold_01,acc_necklaces,1,accessory,necklace,0.16,,accessories,"Bell Gold",466
acc_necklace_bell_silver_01,acc_necklaces,1,accessory,necklace,0.16,,accessories,"Bell Silver",474
acc_necklace_bell_rainbow_01,acc_necklaces,1,accessory,necklace,0.16,,accessories,"Bell Rainbow",469
acc_necklace_bell_star_01,acc_necklaces,1,accessory,necklace,0.16,,accessories,"Bell Star",468
acc_necklace_shell_pink_01,acc_necklaces,1,accessory,necklace,0.18,,accessories,"Shell Pink",468
acc_necklace_shell_gold_01,acc_necklaces,1,accessory,necklace,0.18,,accessories,"Shell Gold",467
acc_necklace_shell_spiral_01,acc_necklaces,1,accessory,necklace,0.18,,accessories,"Shell Spiral",468
acc_necklace_tooth_gold_01,acc_necklaces,1,accessory,necklace,0.14,,accessories,"Tooth Gold",462
acc_necklace_fang_cute_01,acc_necklaces,1,accessory,necklace,0.14,,accessories,"Fang Cute",470
acc_necklace_claw_soft_01,acc_necklaces,1,accessory,necklace,0.14,,accessories,"Claw Soft",466
acc_necklace_wing_charm_01,acc_necklaces,1,accessory,necklace,0.14,,accessories,"Wing Charm",476
acc_necklace_halo_charm_01,acc_necklaces,1,accessory,necklace,0.12,,accessories,"Halo Charm",467
acc_necklace_horn_charm_01,acc_necklaces,1,accessory,necklace,0.14,,accessories,"Horn Charm",463
acc_necklace_spike_charm_01,acc_necklaces,1,accessory,necklace,0.14,,accessories,"Spike Charm",468
acc_necklace_gem_rainbow_01,acc_necklaces,1,accessory,necklace,0.18,,accessories,"Gem Rainbow",468
acc_necklace_orb_teal_01,acc_necklaces,1,accessory,necklace,0.16,,accessories,"Orb Teal",456
acc_necklace_orb_pink_01,acc_necklaces,1,accessory,necklace,0.16,,accessories,"Orb Pink",456
acc_necklace_orb_lime_01,acc_necklaces,1,accessory,necklace,0.16,,accessories,"Orb Lime",456
acc_necklace_orb_indigo_01,acc_necklaces,1,accessory,necklace,0.16,,accessories,"Orb Indigo",458
acc_necklace_orb_gold_01,acc_necklaces,1,accessory,necklace,0.16,,accessories,"Orb Gold",456
acc_necklace_crystal_pink_01,acc_necklaces,1,accessory,necklace,0.16,,accessories,"Crystal Pink",463
acc_necklace_crystal_gold_01,acc_necklaces,1,accessory,necklace,0.16,,accessories,"Crystal Gold",463
acc_necklace_crystal_mint_01,acc_necklaces,1,accessory,necklace,0.16,,accessories,"Crystal Mint",463
acc_necklace_flower_rose_01,acc_necklaces,1,accessory,necklace,0.14,,accessories,"Flower Rose",459
acc_necklace_flower_tulip_01,acc_necklaces,1,accessory,necklace,0.14,,accessories,"Flower Tulip",461
acc_necklace_flower_sun_01,acc_necklaces,1,accessory,necklace,0.14,,accessories,"Flower Sun",466
acc_necklace_flower_lotus_01,acc_necklaces,1,accessory,necklace,0.14,,accessories,"Flower Lotus",461
acc_necklace_flower_daisy_01,acc_necklaces,1,accessory,necklace,0.14,,accessories,"Flower Daisy",460
acc_necklace_leaf_maple_01,acc_necklaces,1,accessory,necklace,0.14,,accessories,"Leaf Maple",467
acc_necklace_leaf_ginkgo_01,acc_necklaces,1,accessory,necklace,0.14,,accessories,"Leaf Ginkgo",466
acc_necklace_acorn_charm_01,acc_necklaces,1,accessory,necklace,0.14,,accessories,"Acorn Charm",461
acc_necklace_pinecone_charm_01,acc_necklaces,1,accessory,necklace,0.14,,accessories,"Pinecone Charm",464
acc_necklace_berry_charm_01,acc_necklaces,1,accessory,necklace,0.14,,accessories,"Berry Charm",465
acc_necklace_chili_charm_01,acc_necklaces,1,accessory,necklace,0.14,,accessories,"Chili Charm",466
acc_necklace_mushroom_red_01,acc_necklaces,1,accessory,necklace,0.14,,accessories,"Mushroom Red",467
acc_necklace_mushroom_teal_01,acc_necklaces,1,accessory,necklace,0.14,,accessories,"Mushroom Teal",468
acc_necklace_honey_charm_01,acc_necklaces,1,accessory,necklace,0.16,,accessories,"Honey Charm",465
acc_necklace_bee_charm_01,acc_necklaces,1,accessory,necklace,0.14,,accessories,"Bee Charm",461
acc_necklace_ladybug_01,acc_necklaces,1,accessory,necklace,0.12,,accessories,"Ladybug",467
acc_necklace_snail_01,acc_necklaces,1,accessory,necklace,0.14,,accessories,"Snail",464
acc_necklace_crab_01,acc_necklaces,1,accessory,necklace,0.14,,accessories,"Crab",463
acc_necklace_starfish_01,acc_necklaces,1,accessory,necklace,0.14,,accessories,"Starfish",464
acc_necklace_seahorse_01,acc_necklaces,1,accessory,necklace,0.16,,accessories,"Seahorse",463
acc_necklace_whale_01,acc_necklaces,1,accessory,necklace,0.14,,accessories,"Whale",464
acc_necklace_dolphin_01,acc_necklaces,1,accessory,necklace,0.14,,accessories,"Dolphin",462
acc_necklace_octopus_01,acc_necklaces,1,accessory,necklace,0.14,,accessories,"Octopus",470
acc_necklace_jellyfish_01,acc_necklaces,1,accessory,necklace,0.16,,accessories,"Jellyfish",477
acc_necklace_turtle_01,acc_necklaces,1,accessory,necklace,0.14,,accessories,"Turtle",465
acc_necklace_axolotl_01,acc_necklaces,1,accessory,necklace,0.14,,accessories,"Axolotl",462
acc_necklace_capybara_01,acc_necklaces,1,accessory,necklace,0.14,,accessories,"Capybara",469
acc_necklace_sloth_01,acc_necklaces,1,accessory,necklace,0.14,,accessories,"Sloth",466
acc_necklace_koala_01,acc_necklaces,1,accessory,necklace,0.14,,accessories,"Koala",465
acc_necklace_hamster_01,acc_necklaces,1,accessory,necklace,0.12,,accessories,"Hamster",468
acc_necklace_bunny_charm_01,acc_necklaces,1,accessory,necklace,0.14,,accessories,"Bunny Charm",460
acc_necklace_chick_charm_01,acc_necklaces,1,accessory,necklace,0.12,,accessories,"Chick Charm",462
acc_necklace_penguin_charm_01,acc_necklaces,1,accessory,necklace,0.14,,accessories,"Penguin Charm",464
acc_necklace_owl_charm_01,acc_necklaces,1,accessory,necklace,0.14,,accessories,"Owl Charm",459
acc_necklace_parrot_01,acc_necklaces,1,accessory,necklace,0.14,,accessories,"Parrot",464
acc_necklace_flamingo_01,acc_necklaces,1,accessory,necklace,0.16,,accessories,"Flamingo",463
acc_necklace_peacock_charm_01,acc_necklaces,1,accessory,necklace,0.16,,accessories,"Peacock Charm",461
acc_necklace_toucan_01,acc_necklaces,1,accessory,necklace,0.14,,accessories,"Toucan",468
acc_necklace_kiwi_bird_01,acc_necklaces,1,accessory,necklace,0.12,,accessories,"Kiwi Bird",465
acc_necklace_dino_charm_01,acc_necklaces,1,accessory,necklace,0.14,,accessories,"Dino Charm",466
acc_necklace_trex_cute_01,acc_necklaces,1,accessory,necklace,0.14,,accessories,"Trex Cute",465
acc_necklace_stego_01,acc_necklaces,1,accessory,necklace,0.14,,accessories,"Stego",473
acc_necklace_pterodactyl_01,acc_necklaces,1,accessory,necklace,0.14,,accessories,"Pterodactyl",465
acc_necklace_mammoth_01,acc_necklaces,1,accessory,necklace,0.14,,accessories,"Mammoth",468
acc_necklace_yeti_cute_01,acc_necklaces,1,accessory,necklace,0.14,,accessories,"Yeti Cute",463
acc_necklace_bigfoot_cute_01,acc_necklaces,1,accessory,necklace,0.14,,accessories,"Bigfoot Cute",468
acc_necklace_jackalope_01,acc_necklaces,1,accessory,necklace,0.14,,accessories,"Jackalope",473
acc_necklace_narwhal_01,acc_necklaces,1,accessory,necklace,0.16,,accessories,"Narwhal",467
acc_necklace_corgi_01,acc_necklaces,1,accessory,necklace,0.12,,accessories,"Corgi",461
acc_necklace_shiba_01,acc_necklaces,1,accessory,necklace,0.12,,accessories,"Shiba",461
acc_necklace_pug_cute_01,acc_necklaces,1,accessory,necklace,0.12,,accessories,"Pug Cute",465
acc_necklace_corgi_butt_01,acc_necklaces,1,accessory,necklace,0.12,,accessories,"Corgi Butt",470
acc_necklace_bread_charm_01,acc_necklaces,1,accessory,necklace,0.12,,accessories,"Bread Charm",459
acc_necklace_toast_charm_01,acc_necklaces,1,accessory,necklace,0.12,,accessories,"Toast Charm",467
acc_necklace_egg_charm_01,acc_necklaces,1,accessory,necklace,0.12,,accessories,"Egg Charm",466
acc_necklace_bacon_charm_01,acc_necklaces,1,accessory,necklace,0.12,,accessories,"Bacon Charm",467
acc_necklace_waffle_charm_01,acc_necklaces,1,accessory,necklace,0.12,,accessories,"Waffle Charm",462
acc_necklace_pancake_01,acc_necklaces,1,accessory,necklace,0.14,,accessories,"Pancake",469
acc_necklace_syrup_01,acc_necklaces,1,accessory,necklace,0.14,,accessories,"Syrup",462
acc_necklace_butter_01,acc_necklaces,1,accessory,necklace,0.1,,accessories,"Butter",465
acc_necklace_cheese_charm_01,acc_necklaces,1,accessory,necklace,0.12,,accessories,"Cheese Charm",463
acc_necklace_olive_charm_01,acc_necklaces,1,accessory,necklace,0.1,,accessories,"Olive Charm",461
acc_necklace_pickle_01,acc_necklaces,1,accessory,necklace,0.14,,accessories,"Pickle",461
acc_necklace_hotdog_01,acc_necklaces,1,accessory,necklace,0.12,,accessories,"Hotdog",462
acc_necklace_burger_charm_01,acc_necklaces,1,accessory,necklace,0.14,,accessories,"Burger Charm",468
acc_necklace_taco_charm_01,acc_necklaces,1,accessory,necklace,0.12,,accessories,"Taco Charm",461
acc_necklace_sushi_charm_01,acc_necklaces,1,accessory,necklace,0.12,,accessories,"Sushi Charm",465
acc_necklace_ramen_charm_01,acc_necklaces,1,accessory,necklace,0.14,,accessories,"Ramen Charm",466
acc_necklace_dumpling_charm_01,acc_necklaces,1,accessory,necklace,0.12,,accessories,"Dumpling Charm",464
acc_necklace_bao_01,acc_necklaces,1,accessory,necklace,0.12,,accessories,"Bao",462
acc_necklace_mochi_charm_01,acc_necklaces,1,accessory,necklace,0.1,,accessories,"Mochi Charm",461
acc_necklace_taiaki_charm_01,acc_necklaces,1,accessory,necklace,0.12,,accessories,"Taiaki Charm",466
acc_necklace_pudding_charm_01,acc_necklaces,1,accessory,necklace,0.12,,accessories,"Pudding Charm",469
acc_necklace_jelly_charm_01,acc_necklaces,1,accessory,necklace,0.12,,accessories,"Jelly Charm",477
acc_necklace_icecream_charm_01,acc_necklaces,1,accessory,necklace,0.16,,accessories,"Icecream Charm",469
acc_necklace_popsicle_charm_01,acc_necklaces,1,accessory,necklace,0.16,,accessories,"Popsicle Charm",463
acc_necklace_milkshake_01,acc_necklaces,1,accessory,necklace,0.16,,accessories,"Milkshake",468
acc_necklace_boba_01,acc_necklaces,1,accessory,necklace,0.16,,accessories,"Boba",475
acc_necklace_coffee_charm_01,acc_necklaces,1,accessory,necklace,0.14,,accessories,"Coffee Charm",466
acc_necklace_tea_charm_01,acc_necklaces,1,accessory,necklace,0.14,,accessories,"Tea Charm",461
acc_necklace_soda_charm_01,acc_necklaces,1,accessory,necklace,0.14,,accessories,"Soda Charm",470
acc_necklace_water_charm_01,acc_necklaces,1,accessory,necklace,0.14,,accessories,"Water Charm",461
acc_necklace_juice_charm_01,acc_necklaces,1,accessory,necklace,0.14,,accessories,"Juice Charm",466
acc_necklace_smoothie_charm_01,acc_necklaces,1,accessory,necklace,0.14,,accessories,"Smoothie Charm",462
acc_necklace_chocolate_01,acc_necklaces,1,accessory,necklace,0.12,,accessories,"Chocolate",469
acc_necklace_gummy_01,acc_necklaces,1,accessory,necklace,0.12,,accessories,"Gummy",466
acc_necklace_marshmallow_01,acc_necklaces,1,accessory,necklace,0.12,,accessories,"Marshmallow",466
acc_necklace_cotton_charm_01,acc_necklaces,1,accessory,necklace,0.14,,accessories,"Cotton Charm",466
acc_necklace_pretzel_charm_01,acc_necklaces,1,accessory,necklace,0.12,,accessories,"Pretzel Charm",457
acc_necklace_cookie_charm_01,acc_necklaces,1,accessory,necklace,0.12,,accessories,"Cookie Charm",461
acc_necklace_cupcake_charm_01,acc_necklaces,1,accessory,necklace,0.14,,accessories,"Cupcake Charm",462
acc_necklace_cake_charm_01,acc_necklaces,1,accessory,necklace,0.14,,accessories,"Cake Charm",465
acc_necklace_pie_charm_01,acc_necklaces,1,accessory,necklace,0.12,,accessories,"Pie Charm",465
acc_necklace_donut_charm_01,acc_necklaces,1,accessory,necklace,0.12,,accessories,"Donut Charm",465
acc_necklace_macaron_charm_01,acc_necklaces,1,accessory,necklace,0.1,,accessories,"Macaron Charm",463
acc_necklace_brownie_01,acc_necklaces,1,accessory,necklace,0.1,,accessories,"Brownie",463
acc_necklace_fudge_01,acc_necklaces,1,accessory,necklace,0.1,,accessories,"Fudge",462
acc_necklace_caramel_01,acc_necklaces,1,accessory,necklace,0.1,,accessories,"Caramel",462
acc_necklace_toffee_01,acc_necklaces,1,accessory,necklace,0.1,,accessories,"Toffee",461
acc_necklace_taffy_01,acc_necklaces,1,accessory,necklace,0.12,,accessories,"Taffy",466
acc_necklace_rockcandy_01,acc_necklaces,1,accessory,necklace,0.16,,accessories,"Rockcandy",468
acc_necklace_jawbreaker_01,acc_necklaces,1,accessory,necklace,0.12,,accessories,"Jawbreaker",472
acc_necklace_gum_01,acc_necklaces,1,accessory,necklace,0.1,,accessories,"Gum",469
acc_necklace_mint_charm_01,acc_necklaces,1,accessory,necklace,0.1,,accessories,"Mint Charm",466
acc_necklace_peppermint_01,acc_necklaces,1,accessory,necklace,0.1,,accessories,"Peppermint",471
acc_necklace_candy_cane_01,acc_necklaces,1,accessory,necklace,0.16,,accessories,"Candy Cane",466
acc_necklace_ribbon_candy_01,acc_necklaces,1,accessory,necklace,0.12,,accessories,"Ribbon Candy",469
acc_necklace_chocolate_coin_01,acc_necklaces,1,accessory,necklace,0.1,,accessories,"Chocolate Coin",474
acc_necklace_gold_foil_01,acc_necklaces,1,accessory,necklace,0.1,,accessories,"Gold Foil",470
acc_necklace_truffle_01,acc_necklaces,1,accessory,necklace,0.1,,accessories,"Truffle",468
acc_necklace_bonbon_01,acc_necklaces,1,accessory,necklace,0.1,,accessories,"Bonbon",460
acc_necklace_praline_01,acc_necklaces,1,accessory,necklace,0.1,,accessories,"Praline",463
acc_necklace_nougat_01,acc_necklaces,1,accessory,necklace,0.1,,accessories,"Nougat",470
acc_necklace_halva_01,acc_necklaces,1,accessory,necklace,0.1,,accessories,"Halva",466
acc_necklace_lokum_01,acc_necklaces,1,accessory,necklace,0.1,,accessories,"Lokum",474
acc_necklace_mochi_ice_01,acc_necklaces,1,accessory,necklace,0.12,,accessories,"Mochi Ice",472
acc_necklace_dango_01,acc_necklaces,1,accessory,necklace,0.16,,accessories,"Dango",469
acc_necklace_imagawayaki_01,acc_necklaces,1,accessory,necklace,0.12,,accessories,"Imagawayaki",466
acc_necklace_melonpan_01,acc_necklaces,1,accessory,necklace,0.12,,accessories,"Melonpan",468
acc_necklace_castella_01,acc_necklaces,1,accessory,necklace,0.12,,accessories,"Castella",469
acc_necklace_taiyaki_alt_01,acc_necklaces,1,accessory,necklace,0.12,,accessories,"Taiyaki Alt",473
acc_necklace_pocky_01,acc_necklaces,1,accessory,necklace,0.16,,accessories,"Pocky",466
acc_necklace_kit_cute_01,acc_necklaces,1,accessory,necklace,0.12,,accessories,"Kit Cute",476
acc_necklace_chip_bag_01,acc_necklaces,1,accessory,necklace,0.14,,accessories,"Chip Bag",471
acc_necklace_pretzel_bag_01,acc_necklaces,1,accessory,necklace,0.14,,accessories,"Pretzel Bag",474
acc_necklace_cookie_box_01,acc_necklaces,1,accessory,necklace,0.14,,accessories,"Cookie Box",471
acc_necklace_candy_box_01,acc_necklaces,1,accessory,necklace,0.14,,accessories,"Candy Box",469
acc_necklace_gift_tag_01,acc_necklaces,1,accessory,necklace,0.12,,accessories,"Gift Tag",470
acc_necklace_balloon_dog_01,acc_necklaces,1,accessory,necklace,0.14,,accessories,"Balloon Dog",464
acc_necklace_balloon_heart_01,acc_necklaces,1,accessory,necklace,0.14,,accessories,"Balloon Heart",467
acc_necklace_balloon_star_01,acc_necklaces,1,accessory,necklace,0.14,,accessories,"Balloon Star",467
acc_necklace_balloon_party_01,acc_necklaces,1,accessory,necklace,0.16,,accessories,"Balloon Party",471
acc_necklace_streamer_01,acc_necklaces,1,accessory,necklace,0.14,,accessories,"Streamer",472
acc_necklace_tinsel_01,acc_necklaces,1,accessory,necklace,0.14,,accessories,"Tinsel",473
acc_necklace_lights_mini_01,acc_necklaces,1,accessory,necklace,0.14,,accessories,"Lights Mini",479
acc_necklace_pom_garland_01,acc_necklaces,1,accessory,necklace,0.14,,accessories,"Pom Garland",468
acc_necklace_paper_chain_01,acc_necklaces,1,accessory,necklace,0.14,,accessories,"Paper Chain",473
acc_necklace_bead_letter_01,acc_necklaces,1,accessory,necklace,0.14,,accessories,"Bead Letter",492
acc_necklace_charm_holder_01,acc_necklaces,1,accessory,necklace,0.18,,accessories,"Charm Holder",486
acc_necklace_multi_charm_01,acc_necklaces,1,accessory,necklace,0.18,,accessories,"Multi Charm",489
acc_necklace_layered_gold_01,acc_necklaces,1,accessory,necklace,0.16,,accessories,"Layered Gold",472
acc_necklace_layered_rainbow_01,acc_necklaces,1,accessory,necklace,0.16,,accessories,"Layered Rainbow",470
acc_necklace_choker_racer_01,acc_necklaces,1,accessory,necklace,0.12,,accessories,"Choker Racer",459
acc_necklace_choker_vibe_01,acc_necklaces,1,accessory,necklace,0.12,,accessories,"Choker Vibe",458
acc_necklace_choker_shooter_01,acc_necklaces,1,accessory,necklace,0.12,,accessories,"Choker Shooter",451
acc_necklace_choker_party_01,acc_necklaces,1,accessory,necklace,0.12,,accessories,"Choker Party",458
acc_necklace_choker_ocean_01,acc_necklaces,1,accessory,necklace,0.12,,accessories,"Choker Ocean",451
acc_necklace_choker_forest_01,acc_necklaces,1,accessory,necklace,0.12,,accessories,"Choker Forest",451
acc_necklace_choker_lava_01,acc_necklaces,1,accessory,necklace,0.12,,accessories,"Choker Lava",462
acc_necklace_choker_sky_01,acc_necklaces,1,accessory,necklace,0.12,,accessories,"Choker Sky",451
acc_necklace_choker_ice_01,acc_necklaces,1,accessory,necklace,0.12,,accessories,"Choker Ice",455
acc_necklace_choker_candy_01,acc_necklaces,1,accessory,necklace,0.12,,accessories,"Choker Candy",467
acc_necklace_choker_night_01,acc_necklaces,1,accessory,necklace,0.12,,accessories,"Choker Night",453
acc_necklace_choker_aurora_01,acc_necklaces,1,accessory,necklace,0.12,,accessories,"Choker Aurora",460
acc_necklace_choker_honey_01,acc_necklaces,1,accessory,necklace,0.12,,accessories,"Choker Honey",453
acc_necklace_choker_mint_01,acc_necklaces,1,accessory,necklace,0.12,,accessories,"Choker Mint",458
acc_necklace_choker_berry_01,acc_necklaces,1,accessory,necklace,0.12,,accessories,"Choker Berry",455
acc_necklace_choker_crystal_01,acc_necklaces,1,accessory,necklace,0.12,,accessories,"Choker Crystal",460
acc_necklace_choker_bubble_01,acc_necklaces,1,accessory,necklace,0.12,,accessories,"Choker Bubble",458
acc_necklace_choker_desert_01,acc_necklaces,1,accessory,necklace,0.12,,accessories,"Choker Desert",452
acc_necklace_choker_meadow_01,acc_necklaces,1,accessory,necklace,0.12,,accessories,"Choker Meadow",460
acc_necklace_choker_storm_01,acc_necklaces,1,accessory,necklace,0.12,,accessories,"Choker Storm",463
acc_shoes_ocean_01,acc_shoes,1,accessory,shoes,0.14,,accessories,"Ocean",512
acc_shoes_forest_01,acc_shoes,1,accessory,shoes,0.14,,accessories,"Forest",507
acc_shoes_lava_01,acc_shoes,1,accessory,shoes,0.14,,accessories,"Lava",515
acc_shoes_sky_01,acc_shoes,1,accessory,shoes,0.14,,accessories,"Sky",507
acc_shoes_ice_01,acc_shoes,1,accessory,shoes,0.16,,accessories,"Ice",504
acc_shoes_candy_01,acc_shoes,1,accessory,shoes,0.14,,accessories,"Candy",505
acc_shoes_desert_01,acc_shoes,1,accessory,shoes,0.12,,accessories,"Desert",505
acc_shoes_meadow_01,acc_shoes,1,accessory,shoes,0.14,,accessories,"Meadow",504
acc_shoes_storm_01,acc_shoes,1,accessory,shoes,0.14,,accessories,"Storm",506
acc_shoes_crystal_01,acc_shoes,1,accessory,shoes,0.14,,accessories,"Crystal",500
acc_shoes_berry_01,acc_shoes,1,accessory,shoes,0.14,,accessories,"Berry",505
acc_shoes_bubble_01,acc_shoes,1,accessory,shoes,0.16,,accessories,"Bubble",499
acc_shoes_aurora_01,acc_shoes,1,accessory,shoes,0.14,,accessories,"Aurora",504
acc_shoes_honey_01,acc_shoes,1,accessory,shoes,0.16,,accessories,"Honey",500
acc_shoes_mint_01,acc_shoes,1,accessory,shoes,0.14,,accessories,"Mint",502
acc_shoes_night_01,acc_shoes,1,accessory,shoes,0.12,,accessories,"Night",503
acc_shoes_race_pro_01,acc_shoes,1,accessory,shoes,0.14,,accessories,"Race Pro",509
acc_shoes_vibe_glow_01,acc_shoes,1,accessory,shoes,0.14,,accessories,"Vibe Glow",504
acc_shoes_shooter_star_01,acc_shoes,1,accessory,shoes,0.14,,accessories,"Shooter Star",498
acc_shoes_party_glitter_01,acc_shoes,1,accessory,shoes,0.12,,accessories,"Party Glitter",510
acc_shoes_boots_rain_teal_01,acc_shoes,1,accessory,shoes,0.16,,accessories,"Boots Rain Teal",498
acc_shoes_boots_rain_pink_01,acc_shoes,1,accessory,shoes,0.16,,accessories,"Boots Rain Pink",497
acc_shoes_boots_work_01,acc_shoes,1,accessory,shoes,0.16,,accessories,"Boots Work",503
acc_shoes_boots_cowboy_01,acc_shoes,1,accessory,shoes,0.18,,accessories,"Boots Cowboy",500
acc_shoes_boots_space_01,acc_shoes,1,accessory,shoes,0.16,,accessories,"Boots Space",499
acc_shoes_boots_knight_01,acc_shoes,1,accessory,shoes,0.16,,accessories,"Boots Knight",512
acc_shoes_slippers_bunny_01,acc_shoes,1,accessory,shoes,0.12,,accessories,"Slippers Bunny",497
acc_shoes_slippers_bear_01,acc_shoes,1,accessory,shoes,0.12,,accessories,"Slippers Bear",497
acc_shoes_slippers_frog_01,acc_shoes,1,accessory,shoes,0.12,,accessories,"Slippers Frog",496
acc_shoes_slippers_duck_01,acc_shoes,1,accessory,shoes,0.12,,accessories,"Slippers Duck",498
acc_shoes_slippers_cat_01,acc_shoes,1,accessory,shoes,0.12,,accessories,"Slippers Cat",496
acc_shoes_slippers_dino_01,acc_shoes,1,accessory,shoes,0.12,,accessories,"Slippers Dino",496
acc_shoes_slippers_unicorn_01,acc_shoes,1,accessory,shoes,0.12,,accessories,"Slippers Unicorn",499
acc_shoes_slippers_monster_01,acc_shoes,1,accessory,shoes,0.12,,accessories,"Slippers Monster",501
acc_shoes_sandals_beach_01,acc_shoes,1,accessory,shoes,0.1,,accessories,"Sandals Beach",497
acc_shoes_sandals_sport_01,acc_shoes,1,accessory,shoes,0.1,,accessories,"Sandals Sport",496
acc_shoes_sandals_fancy_01,acc_shoes,1,accessory,shoes,0.1,,accessories,"Sandals Fancy",502
acc_shoes_heels_cute_01,acc_shoes,1,accessory,shoes,0.14,,accessories,"Heels Cute",524
acc_shoes_platforms_01,acc_shoes,1,accessory,shoes,0.16,,accessories,"Platforms",506
acc_shoes_rollers_01,acc_shoes,1,accessory,shoes,0.16,,accessories,"Rollers",514
acc_shoes_inline_01,acc_shoes,1,accessory,shoes,0.16,,accessories,"Inline",502
acc_shoes_ice_skates_01,acc_shoes,1,accessory,shoes,0.16,,accessories,"Ice Skates",521
acc_shoes_ski_boots_01,acc_shoes,1,accessory,shoes,0.16,,accessories,"Ski Boots",499
acc_shoes_hike_01,acc_shoes,1,accessory,shoes,0.14,,accessories,"Hike",501
acc_shoes_trail_01,acc_shoes,1,accessory,shoes,0.14,,accessories,"Trail",500
acc_shoes_cleats_soft_01,acc_shoes,1,accessory,shoes,0.14,,accessories,"Cleats Soft",518
acc_shoes_high_tops_01,acc_shoes,1,accessory,shoes,0.16,,accessories,"High Tops",501
acc_shoes_low_tops_01,acc_shoes,1,accessory,shoes,0.12,,accessories,"Low Tops",500
acc_shoes_moccasin_01,acc_shoes,1,accessory,shoes,0.12,,accessories,"Moccasin",498
acc_shoes_loafer_gold_01,acc_shoes,1,accessory,shoes,0.12,,accessories,"Loafer Gold",501
acc_shoes_loafer_teal_01,acc_shoes,1,accessory,shoes,0.12,,accessories,"Loafer Teal",495
acc_shoes_maryjane_01,acc_shoes,1,accessory,shoes,0.12,,accessories,"Maryjane",504
acc_shoes_ballet_01,acc_shoes,1,accessory,shoes,0.1,,accessories,"Ballet",503
acc_shoes_tap_cute_01,acc_shoes,1,accessory,shoes,0.12,,accessories,"Tap Cute",508
acc_shoes_clog_01,acc_shoes,1,accessory,shoes,0.12,,accessories,"Clog",501
acc_shoes_crocs_cute_01,acc_shoes,1,accessory,shoes,0.12,,accessories,"Crocs Cute",515
acc_shoes_flipper_toy_01,acc_shoes,1,accessory,shoes,0.14,,accessories,"Flipper Toy",502
acc_shoes_snow_boots_01,acc_shoes,1,accessory,shoes,0.16,,accessories,"Snow Boots",499
acc_shoes_moon_boots_01,acc_shoes,1,accessory,shoes,0.18,,accessories,"Moon Boots",505
acc_shoes_rocket_boots_01,acc_shoes,1,accessory,shoes,0.18,,accessories,"Rocket Boots",528
acc_shoes_wing_shoes_01,acc_shoes,1,accessory,shoes,0.14,,accessories,"Wing Shoes",503
acc_shoes_spring_shoes_01,acc_shoes,1,accessory,shoes,0.16,,accessories,"Spring Shoes",516
acc_shoes_magnet_shoes_01,acc_shoes,1,accessory,shoes,0.14,,accessories,"Magnet Shoes",512
acc_shoes_glow_soles_01,acc_shoes,1,accessory,shoes,0.14,,accessories,"Glow Soles",512
acc_shoes_led_toy_01,acc_shoes,1,accessory,shoes,0.14,,accessories,"Led Toy",518
acc_shoes_checkered_01,acc_shoes,1,accessory,shoes,0.14,,accessories,"Checkered",506
acc_shoes_stripe_triple_01,acc_shoes,1,accessory,shoes,0.14,,accessories,"Stripe Triple",506
acc_shoes_star_print_01,acc_shoes,1,accessory,shoes,0.14,,accessories,"Star Print",502
acc_shoes_heart_print_01,acc_shoes,1,accessory,shoes,0.14,,accessories,"Heart Print",506
acc_shoes_dot_print_01,acc_shoes,1,accessory,shoes,0.14,,accessories,"Dot Print",502
acc_shoes_camo_candy_01,acc_shoes,1,accessory,shoes,0.14,,accessories,"Camo Candy",508
acc_shoes_tie_dye_01,acc_shoes,1,accessory,shoes,0.14,,accessories,"Tie Dye",501
acc_shoes_hologram_01,acc_shoes,1,accessory,shoes,0.14,,accessories,"Hologram",524
acc_shoes_velvet_01,acc_shoes,1,accessory,shoes,0.12,,accessories,"Velvet",509
acc_shoes_denim_01,acc_shoes,1,accessory,shoes,0.14,,accessories,"Denim",508
acc_shoes_plaid_01,acc_shoes,1,accessory,shoes,0.12,,accessories,"Plaid",504
acc_shoes_fur_soft_01,acc_shoes,1,accessory,shoes,0.12,,accessories,"Fur Soft",519
acc_shoes_knit_01,acc_shoes,1,accessory,shoes,0.14,,accessories,"Knit",495
acc_shoes_sock_shoes_01,acc_shoes,1,accessory,shoes,0.12,,accessories,"Sock Shoes",504
acc_shoes_bare_wrap_01,acc_shoes,1,accessory,shoes,0.1,,accessories,"Bare Wrap",499
acc_shoes_tabi_cute_01,acc_shoes,1,accessory,shoes,0.12,,accessories,"Tabi Cute",500
acc_shoes_geta_cute_01,acc_shoes,1,accessory,shoes,0.12,,accessories,"Geta Cute",510
acc_shoes_zori_01,acc_shoes,1,accessory,shoes,0.1,,accessories,"Zori",500
acc_shoes_espadrille_01,acc_shoes,1,accessory,shoes,0.12,,accessories,"Espadrille",499
acc_shoes_boat_01,acc_shoes,1,accessory,shoes,0.12,,accessories,"Boat",498
acc_shoes_deck_01,acc_shoes,1,accessory,shoes,0.12,,accessories,"Deck",498
acc_shoes_wrestling_cute_01,acc_shoes,1,accessory,shoes,0.12,,accessories,"Wrestling Cute",506
acc_shoes_boxing_cute_01,acc_shoes,1,accessory,shoes,0.16,,accessories,"Boxing Cute",505
acc_shoes_cheer_01,acc_shoes,1,accessory,shoes,0.14,,accessories,"Cheer",502
acc_shoes_marching_01,acc_shoes,1,accessory,shoes,0.16,,accessories,"Marching",513
acc_shoes_parade_01,acc_shoes,1,accessory,shoes,0.12,,accessories,"Parade",500
acc_shoes_clown_cute_01,acc_shoes,1,accessory,shoes,0.14,,accessories,"Clown Cute",518
acc_shoes_bigfoot_01,acc_shoes,1,accessory,shoes,0.14,,accessories,"Bigfoot",513
acc_shoes_chicken_01,acc_shoes,1,accessory,shoes,0.12,,accessories,"Chicken",512
acc_shoes_banana_shoes_01,acc_shoes,1,accessory,shoes,0.12,,accessories,"Banana Shoes",500
acc_shoes_toast_shoes_01,acc_shoes,1,accessory,shoes,0.12,,accessories,"Toast Shoes",497
acc_shoes_egg_shoes_01,acc_shoes,1,accessory,shoes,0.12,,accessories,"Egg Shoes",497
acc_shoes_avocado_shoes_01,acc_shoes,1,accessory,shoes,0.12,,accessories,"Avocado Shoes",499
acc_shoes_sushi_shoes_01,acc_shoes,1,accessory,shoes,0.12,,accessories,"Sushi Shoes",497
acc_shoes_donut_shoes_01,acc_shoes,1,accessory,shoes,0.12,,accessories,"Donut Shoes",498
acc_shoes_cookie_shoes_01,acc_shoes,1,accessory,shoes,0.12,,accessories,"Cookie Shoes",499
acc_shoes_cake_shoes_01,acc_shoes,1,accessory,shoes,0.12,,accessories,"Cake Shoes",496
acc_shoes_pizza_shoes_01,acc_shoes,1,accessory,shoes,0.12,,accessories,"Pizza Shoes",498
acc_shoes_burger_shoes_01,acc_shoes,1,accessory,shoes,0.12,,accessories,"Burger Shoes",499
acc_shoes_taco_shoes_01,acc_shoes,1,accessory,shoes,0.12,,accessories,"Taco Shoes",498
acc_shoes_waffle_shoes_01,acc_shoes,1,accessory,shoes,0.12,,accessories,"Waffle Shoes",493
acc_shoes_lolli_shoes_01,acc_shoes,1,accessory,shoes,0.12,,accessories,"Lolli Shoes",500
acc_shoes_gummy_shoes_01,acc_shoes,1,accessory,shoes,0.12,,accessories,"Gummy Shoes",497
acc_shoes_marsh_shoes_01,acc_shoes,1,accessory,shoes,0.12,,accessories,"Marsh Shoes",503
acc_shoes_popcorn_shoes_01,acc_shoes,1,accessory,shoes,0.12,,accessories,"Popcorn Shoes",501
acc_shoes_icecream_shoes_01,acc_shoes,1,accessory,shoes,0.12,,accessories,"Icecream Shoes",501
acc_shoes_cupcake_shoes_01,acc_shoes,1,accessory,shoes,0.12,,accessories,"Cupcake Shoes",499
acc_shoes_boba_shoes_01,acc_shoes,1,accessory,shoes,0.12,,accessories,"Boba Shoes",501
acc_shoes_coffee_shoes_01,acc_shoes,1,accessory,shoes,0.12,,accessories,"Coffee Shoes",503
acc_shoes_tea_shoes_01,acc_shoes,1,accessory,shoes,0.12,,accessories,"Tea Shoes",498
acc_shoes_soda_shoes_01,acc_shoes,1,accessory,shoes,0.12,,accessories,"Soda Shoes",507
acc_shoes_juice_shoes_01,acc_shoes,1,accessory,shoes,0.12,,accessories,"Juice Shoes",503
acc_shoes_milk_shoes_01,acc_shoes,1,accessory,shoes,0.12,,accessories,"Milk Shoes",502
acc_shoes_honey_shoes_01,acc_shoes,1,accessory,shoes,0.12,,accessories,"Honey Shoes",502
acc_shoes_jam_shoes_01,acc_shoes,1,accessory,shoes,0.12,,accessories,"Jam Shoes",502
acc_shoes_pickle_shoes_01,acc_shoes,1,accessory,shoes,0.12,,accessories,"Pickle Shoes",498
acc_shoes_olive_shoes_01,acc_shoes,1,accessory,shoes,0.12,,accessories,"Olive Shoes",498
acc_shoes_cheese_shoes_01,acc_shoes,1,accessory,shoes,0.12,,accessories,"Cheese Shoes",494
acc_shoes_bread_shoes_01,acc_shoes,1,accessory,shoes,0.12,,accessories,"Bread Shoes",502
acc_shoes_bagel_01,acc_shoes,1,accessory,shoes,0.12,,accessories,"Bagel",497
acc_shoes_pretzel_shoes_01,acc_shoes,1,accessory,shoes,0.12,,accessories,"Pretzel Shoes",494
acc_shoes_croissant_shoes_01,acc_shoes,1,accessory,shoes,0.12,,accessories,"Croissant Shoes",496
acc_shoes_baguette_shoes_01,acc_shoes,1,accessory,shoes,0.12,,accessories,"Baguette Shoes",500
acc_shoes_mochi_shoes_01,acc_shoes,1,accessory,shoes,0.12,,accessories,"Mochi Shoes",498
acc_shoes_dango_shoes_01,acc_shoes,1,accessory,shoes,0.12,,accessories,"Dango Shoes",493
acc_shoes_onigiri_shoes_01,acc_shoes,1,accessory,shoes,0.12,,accessories,"Onigiri Shoes",503
acc_shoes_ramen_shoes_01,acc_shoes,1,accessory,shoes,0.12,,accessories,"Ramen Shoes",503
acc_shoes_dumpling_shoes_01,acc_shoes,1,accessory,shoes,0.12,,accessories,"Dumpling Shoes",501
acc_shoes_bao_shoes_01,acc_shoes,1,accessory,shoes,0.12,,accessories,"Bao Shoes",495
acc_shoes_takoyaki_01,acc_shoes,1,accessory,shoes,0.12,,accessories,"Takoyaki",500
acc_shoes_tempura_01,acc_shoes,1,accessory,shoes,0.12,,accessories,"Tempura",512
acc_shoes_fishcake_01,acc_shoes,1,accessory,shoes,0.12,,accessories,"Fishcake",500
acc_shoes_narutomaki_01,acc_shoes,1,accessory,shoes,0.12,,accessories,"Narutomaki",508
acc_shoes_seaweed_01,acc_shoes,1,accessory,shoes,0.12,,accessories,"Seaweed",508
acc_shoes_coral_shoes_01,acc_shoes,1,accessory,shoes,0.12,,accessories,"Coral Shoes",504
acc_shoes_shell_shoes_01,acc_shoes,1,accessory,shoes,0.12,,accessories,"Shell Shoes",497
acc_shoes_pearl_shoes_01,acc_shoes,1,accessory,shoes,0.12,,accessories,"Pearl Shoes",497
acc_shoes_star_shoes_alt_01,acc_shoes,1,accessory,shoes,0.12,,accessories,"Star Shoes Alt",501
acc_shoes_crab_shoes_01,acc_shoes,1,accessory,shoes,0.12,,accessories,"Crab Shoes",497
acc_shoes_fish_shoes_01,acc_shoes,1,accessory,shoes,0.12,,accessories,"Fish Shoes",496
acc_shoes_whale_shoes_01,acc_shoes,1,accessory,shoes,0.12,,accessories,"Whale Shoes",496
acc_shoes_dolphin_shoes_01,acc_shoes,1,accessory,shoes,0.12,,accessories,"Dolphin Shoes",499
acc_shoes_turtle_shoes_01,acc_shoes,1,accessory,shoes,0.12,,accessories,"Turtle Shoes",498
acc_shoes_axolotl_shoes_01,acc_shoes,1,accessory,shoes,0.12,,accessories,"Axolotl Shoes",499
acc_shoes_frog_boots_01,acc_shoes,1,accessory,shoes,0.16,,accessories,"Frog Boots",498
acc_shoes_duck_boots_01,acc_shoes,1,accessory,shoes,0.16,,accessories,"Duck Boots",500
acc_shoes_dino_boots_01,acc_shoes,1,accessory,shoes,0.16,,accessories,"Dino Boots",498
acc_shoes_unicorn_boots_01,acc_shoes,1,accessory,shoes,0.16,,accessories,"Unicorn Boots",501
acc_shoes_dragon_boots_01,acc_shoes,1,accessory,shoes,0.16,,accessories,"Dragon Boots",500
acc_shoes_monster_boots_01,acc_shoes,1,accessory,shoes,0.16,,accessories,"Monster Boots",503
acc_shoes_robot_boots_01,acc_shoes,1,accessory,shoes,0.16,,accessories,"Robot Boots",505
acc_shoes_pixel_shoes_01,acc_shoes,1,accessory,shoes,0.14,,accessories,"Pixel Shoes",505
acc_shoes_glitch_shoes_01,acc_shoes,1,accessory,shoes,0.14,,accessories,"Glitch Shoes",508
acc_shoes_neon_shoes_01,acc_shoes,1,accessory,shoes,0.14,,accessories,"Neon Shoes",506
acc_shoes_disco_shoes_01,acc_shoes,1,accessory,shoes,0.14,,accessories,"Disco Shoes",512
acc_shoes_mirror_shoes_01,acc_shoes,1,accessory,shoes,0.12,,accessories,"Mirror Shoes",516
acc_shoes_glass_shoes_01,acc_shoes,1,accessory,shoes,0.12,,accessories,"Glass Shoes",513
acc_shoes_crystal_boots_01,acc_shoes,1,accessory,shoes,0.16,,accessories,"Crystal Boots",504
acc_shoes_gem_shoes_01,acc_shoes,1,accessory,shoes,0.14,,accessories,"Gem Shoes",504
acc_shoes_crown_shoes_01,acc_shoes,1,accessory,shoes,0.12,,accessories,"Crown Shoes",502
acc_shoes_medal_shoes_01,acc_shoes,1,accessory,shoes,0.14,,accessories,"Medal Shoes",502
acc_shoes_trophy_shoes_01,acc_shoes,1,accessory,shoes,0.14,,accessories,"Trophy Shoes",498
acc_shoes_flag_shoes_01,acc_shoes,1,accessory,shoes,0.14,,accessories,"Flag Shoes",506
acc_shoes_whistle_shoes_01,acc_shoes,1,accessory,shoes,0.14,,accessories,"Whistle Shoes",508
acc_shoes_megaphone_shoes_01,acc_shoes,1,accessory,shoes,0.14,,accessories,"Megaphone Shoes",508
acc_shoes_ticket_shoes_01,acc_shoes,1,accessory,shoes,0.14,,accessories,"Ticket Shoes",505
acc_shoes_camera_shoes_01,acc_shoes,1,accessory,shoes,0.14,,accessories,"Camera Shoes",498
acc_shoes_music_shoes_01,acc_shoes,1,accessory,shoes,0.14,,accessories,"Music Shoes",505
acc_shoes_game_shoes_01,acc_shoes,1,accessory,shoes,0.14,,accessories,"Game Shoes",502
acc_shoes_arcade_shoes_01,acc_shoes,1,accessory,shoes,0.14,,accessories,"Arcade Shoes",500
acc_shoes_vinyl_shoes_01,acc_shoes,1,accessory,shoes,0.14,,accessories,"Vinyl Shoes",508
acc_shoes_cassette_shoes_01,acc_shoes,1,accessory,shoes,0.14,,accessories,"Cassette Shoes",502
acc_shoes_radio_shoes_01,acc_shoes,1,accessory,shoes,0.14,,accessories,"Radio Shoes",497
acc_shoes_phone_shoes_01,acc_shoes,1,accessory,shoes,0.14,,accessories,"Phone Shoes",510
acc_shoes_wifi_shoes_01,acc_shoes,1,accessory,shoes,0.14,,accessories,"Wifi Shoes",500
acc_shoes_battery_shoes_01,acc_shoes,1,accessory,shoes,0.14,,accessories,"Battery Shoes",501
acc_shoes_plug_shoes_01,acc_shoes,1,accessory,shoes,0.14,,accessories,"Plug Shoes",501
acc_shoes_bulb_shoes_01,acc_shoes,1,accessory,shoes,0.14,,accessories,"Bulb Shoes",503
acc_shoes_leaf_shoes_01,acc_shoes,1,accessory,shoes,0.14,,accessories,"Leaf Shoes",496
acc_shoes_flower_shoes_01,acc_shoes,1,accessory,shoes,0.14,,accessories,"Flower Shoes",497
acc_shoes_mushroom_shoes_01,acc_shoes,1,accessory,shoes,0.14,,accessories,"Mushroom Shoes",500
acc_shoes_acorn_shoes_01,acc_shoes,1,accessory,shoes,0.14,,accessories,"Acorn Shoes",498
acc_shoes_pine_shoes_01,acc_shoes,1,accessory,shoes,0.14,,accessories,"Pine Shoes",501
acc_shoes_maple_shoes_01,acc_shoes,1,accessory,shoes,0.14,,accessories,"Maple Shoes",504
acc_shoes_snow_shoes_01,acc_shoes,1,accessory,shoes,0.14,,accessories,"Snow Shoes",500
acc_shoes_rain_shoes_01,acc_shoes,1,accessory,shoes,0.14,,accessories,"Rain Shoes",500
acc_shoes_sun_shoes_01,acc_shoes,1,accessory,shoes,0.14,,accessories,"Sun Shoes",498
acc_shoes_moon_shoes_01,acc_shoes,1,accessory,shoes,0.14,,accessories,"Moon Shoes",498
acc_shoes_planet_shoes_01,acc_shoes,1,accessory,shoes,0.14,,accessories,"Planet Shoes",498
acc_shoes_comet_shoes_01,acc_shoes,1,accessory,shoes,0.14,,accessories,"Comet Shoes",498
acc_shoes_rocket_shoes_01,acc_shoes,1,accessory,shoes,0.14,,accessories,"Rocket Shoes",498
acc_shoes_ufo_shoes_01,acc_shoes,1,accessory,shoes,0.14,,accessories,"Ufo Shoes",502
acc_shoes_alien_shoes_01,acc_shoes,1,accessory,shoes,0.14,,accessories,"Alien Shoes",497
acc_shoes_ghost_shoes_01,acc_shoes,1,accessory,shoes,0.12,,accessories,"Ghost Shoes",497
acc_shoes_pumpkin_shoes_01,acc_shoes,1,accessory,shoes,0.12,,accessories,"Pumpkin Shoes",506
acc_shoes_bat_shoes_01,acc_shoes,1,accessory,shoes,0.12,,accessories,"Bat Shoes",502
acc_shoes_spider_shoes_01,acc_shoes,1,accessory,shoes,0.12,,accessories,"Spider Shoes",507
acc_shoes_skull_candy_shoes_01,acc_shoes,1,accessory,shoes,0.12,,accessories,"Skull Candy Shoes",508
acc_shoes_bone_shoes_01,acc_shoes,1,accessory,shoes,0.12,,accessories,"Bone Shoes",497
acc_shoes_zombie_shoes_01,acc_shoes,1,accessory,shoes,0.14,,accessories,"Zombie Shoes",512
acc_shoes_mummy_shoes_01,acc_shoes,1,accessory,shoes,0.14,,accessories,"Mummy Shoes",499
acc_shoes_vampire_shoes_01,acc_shoes,1,accessory,shoes,0.12,,accessories,"Vampire Shoes",505
acc_shoes_witch_shoes_01,acc_shoes,1,accessory,shoes,0.16,,accessories,"Witch Shoes",501
acc_shoes_wizard_shoes_01,acc_shoes,1,accessory,shoes,0.14,,accessories,"Wizard Shoes",501
acc_shoes_elf_shoes_01,acc_shoes,1,accessory,shoes,0.14,,accessories,"Elf Shoes",498
acc_shoes_santa_shoes_01,acc_shoes,1,accessory,shoes,0.16,,accessories,"Santa Shoes",500
acc_shoes_reindeer_01,acc_shoes,1,accessory,shoes,0.12,,accessories,"Reindeer",501
acc_shoes_snowman_shoes_01,acc_shoes,1,accessory,shoes,0.12,,accessories,"Snowman Shoes",500
acc_shoes_gingerbread_01,acc_shoes,1,accessory,shoes,0.12,,accessories,"Gingerbread",504
acc_shoes_ornament_01,acc_shoes,1,accessory,shoes,0.12,,accessories,"Ornament",505
acc_shoes_stocking_01,acc_shoes,1,accessory,shoes,0.12,,accessories,"Stocking",501
acc_shoes_gift_shoes_01,acc_shoes,1,accessory,shoes,0.12,,accessories,"Gift Shoes",500
acc_shoes_tree_shoes_01,acc_shoes,1,accessory,shoes,0.12,,accessories,"Tree Shoes",503
acc_shoes_wreath_shoes_01,acc_shoes,1,accessory,shoes,0.12,,accessories,"Wreath Shoes",499
acc_shoes_egg_hunt_01,acc_shoes,1,accessory,shoes,0.12,,accessories,"Egg Hunt",506
acc_shoes_bunny_shoes_01,acc_shoes,1,accessory,shoes,0.14,,accessories,"Bunny Shoes",497
acc_shoes_chick_shoes_01,acc_shoes,1,accessory,shoes,0.14,,accessories,"Chick Shoes",499
acc_shoes_clover_shoes_01,acc_shoes,1,accessory,shoes,0.14,,accessories,"Clover Shoes",498
acc_shoes_heart_shoes_01,acc_shoes,1,accessory,shoes,0.14,,accessories,"Heart Shoes",497
acc_shoes_fireworks_01,acc_shoes,1,accessory,shoes,0.14,,accessories,"Fireworks",508
acc_shoes_confetti_shoes_01,acc_shoes,1,accessory,shoes,0.14,,accessories,"Confetti Shoes",497
acc_shoes_balloon_shoes_01,acc_shoes,1,accessory,shoes,0.14,,accessories,"Balloon Shoes",506
acc_shoes_streamer_shoes_01,acc_shoes,1,accessory,shoes,0.14,,accessories,"Streamer Shoes",497
acc_shoes_party_hat_shoes_01,acc_shoes,1,accessory,shoes,0.14,,accessories,"Party Hat Shoes",505
acc_shoes_crown_sneakers_01,acc_shoes,1,accessory,shoes,0.14,,accessories,"Crown Sneakers",497
acc_shoes_nest_shoes_01,acc_shoes,1,accessory,shoes,0.14,,accessories,"Nest Shoes",509
acc_shoes_pudgy_shoes_01,acc_shoes,1,accessory,shoes,0.14,,accessories,"Pudgy Shoes",512
acc_back_ocean_fins_01,acc_back,1,accessory,back,0.4,,accessories,"Ocean Fins",497
acc_back_forest_leaf_01,acc_back,1,accessory,back,0.42,,accessories,"Forest Leaf",477
acc_back_lava_cape_01,acc_back,1,accessory,back,0.45,,accessories,"Lava Cape",476
acc_back_sky_cloud_01,acc_back,1,accessory,back,0.38,,accessories,"Sky Cloud",471
acc_back_ice_cape_01,acc_back,1,accessory,back,0.45,,accessories,"Ice Cape",468
acc_back_candy_bow_01,acc_back,1,accessory,back,0.35,,accessories,"Candy Bow",476
acc_back_race_jet_01,acc_back,1,accessory,back,0.4,,accessories,"Race Jet",490
acc_back_vibe_speaker_01,acc_back,1,accessory,back,0.38,,accessories,"Vibe Speaker",473
acc_back_shooter_quiver_01,acc_back,1,accessory,back,0.4,,accessories,"Shooter Quiver",493
acc_back_party_balloon_01,acc_back,1,accessory,back,0.45,,accessories,"Party Balloon",484
acc_back_angel_gold_01,acc_back,1,accessory,back,0.4,,accessories,"Angel Gold",484
acc_back_bat_cute_01,acc_back,1,accessory,back,0.38,,accessories,"Bat Cute",478
acc_back_butterfly_01,acc_back,1,accessory,back,0.4,,accessories,"Butterfly",476
acc_back_dragon_wings_01,acc_back,1,accessory,back,0.42,,accessories,"Dragon Wings",487
acc_back_bee_wings_01,acc_back,1,accessory,back,0.36,,accessories,"Bee Wings",473
acc_back_fairy_01,acc_back,1,accessory,back,0.38,,accessories,"Fairy",473
acc_back_cape_race_01,acc_back,1,accessory,back,0.45,,accessories,"Cape Race",475
acc_back_cape_vibe_01,acc_back,1,accessory,back,0.45,,accessories,"Cape Vibe",470
acc_back_cape_shooter_01,acc_back,1,accessory,back,0.45,,accessories,"Cape Shooter",472
acc_back_cape_party_01,acc_back,1,accessory,back,0.45,,accessories,"Cape Party",466
acc_back_cape_gold_01,acc_back,1,accessory,back,0.45,,accessories,"Cape Gold",470
acc_back_cape_invisible_01,acc_back,1,accessory,back,0.45,,accessories,"Cape Invisible",474
acc_back_pack_egg_01,acc_back,1,accessory,back,0.36,,accessories,"Pack Egg",476
acc_back_pack_mushroom_01,acc_back,1,accessory,back,0.38,,accessories,"Pack Mushroom",471
acc_back_pack_crystal_01,acc_back,1,accessory,back,0.38,,accessories,"Pack Crystal",480
acc_back_pack_orb_01,acc_back,1,accessory,back,0.36,,accessories,"Pack Orb",473
acc_back_pack_gift_01,acc_back,1,accessory,back,0.36,,accessories,"Pack Gift",474
acc_back_pack_basket_01,acc_back,1,accessory,back,0.36,,accessories,"Pack Basket",471
acc_back_pack_bucket_01,acc_back,1,accessory,back,0.34,,accessories,"Pack Bucket",469
acc_back_pack_cooler_01,acc_back,1,accessory,back,0.36,,accessories,"Pack Cooler",468
acc_back_pack_tent_01,acc_back,1,accessory,back,0.4,,accessories,"Pack Tent",470
acc_back_pack_sleeping_01,acc_back,1,accessory,back,0.38,,accessories,"Pack Sleeping",476
acc_back_pack_camera_01,acc_back,1,accessory,back,0.34,,accessories,"Pack Camera",467
acc_back_pack_instrument_01,acc_back,1,accessory,back,0.38,,accessories,"Pack Instrument",480
acc_back_pack_skate_01,acc_back,1,accessory,back,0.36,,accessories,"Pack Skate",474
acc_back_pack_surf_01,acc_back,1,accessory,back,0.42,,accessories,"Pack Surf",466
acc_back_pack_rocket_01,acc_back,1,accessory,back,0.4,,accessories,"Pack Rocket",476
acc_back_pack_ufo_01,acc_back,1,accessory,back,0.34,,accessories,"Pack Ufo",467
acc_back_pack_robot_01,acc_back,1,accessory,back,0.36,,accessories,"Pack Robot",472
acc_back_pack_battery_01,acc_back,1,accessory,back,0.34,,accessories,"Pack Battery",471
acc_back_pack_toolbox_01,acc_back,1,accessory,back,0.36,,accessories,"Pack Toolbox",472
acc_back_pack_firstaid_01,acc_back,1,accessory,back,0.34,,accessories,"Pack Firstaid",480
acc_back_pack_school_01,acc_back,1,accessory,back,0.38,,accessories,"Pack School",469
acc_back_pack_messenger_01,acc_back,1,accessory,back,0.36,,accessories,"Pack Messenger",472
acc_back_pack_purse_01,acc_back,1,accessory,back,0.32,,accessories,"Pack Purse",463
acc_back_pack_duffel_01,acc_back,1,accessory,back,0.36,,accessories,"Pack Duffel",466
acc_back_pack_suit_01,acc_back,1,accessory,back,0.36,,accessories,"Pack Suit",472
acc_back_pack_treasure_01,acc_back,1,accessory,back,0.36,,accessories,"Pack Treasure",478
acc_back_pack_safe_01,acc_back,1,accessory,back,0.34,,accessories,"Pack Safe",465
acc_back_pack_piggy_01,acc_back,1,accessory,back,0.34,,accessories,"Pack Piggy",468
acc_back_pack_gumball_01,acc_back,1,accessory,back,0.38,,accessories,"Pack Gumball",473
acc_back_pack_popcorn_01,acc_back,1,accessory,back,0.36,,accessories,"Pack Popcorn",471
acc_back_pack_soda_01,acc_back,1,accessory,back,0.34,,accessories,"Pack Soda",473
acc_back_pack_boba_01,acc_back,1,accessory,back,0.34,,accessories,"Pack Boba",472
acc_back_pack_cake_01,acc_back,1,accessory,back,0.34,,accessories,"Pack Cake",466
acc_back_pack_pizza_01,acc_back,1,accessory,back,0.32,,accessories,"Pack Pizza",474
acc_back_pack_taco_01,acc_back,1,accessory,back,0.32,,accessories,"Pack Taco",471
acc_back_pack_burger_01,acc_back,1,accessory,back,0.32,,accessories,"Pack Burger",469
acc_back_pack_sushi_01,acc_back,1,accessory,back,0.32,,accessories,"Pack Sushi",468
acc_back_pack_ramen_01,acc_back,1,accessory,back,0.34,,accessories,"Pack Ramen",468
acc_back_pack_honey_01,acc_back,1,accessory,back,0.34,,accessories,"Pack Honey",470
acc_back_pack_jam_01,acc_back,1,accessory,back,0.34,,accessories,"Pack Jam",470
acc_back_pack_milk_01,acc_back,1,accessory,back,0.34,,accessories,"Pack Milk",467
acc_back_pack_egg_carton_01,acc_back,1,accessory,back,0.3,,accessories,"Pack Egg Carton",470
acc_back_pack_flower_01,acc_back,1,accessory,back,0.36,,accessories,"Pack Flower",470
acc_back_pack_plant_01,acc_back,1,accessory,back,0.38,,accessories,"Pack Plant",470
acc_back_pack_tree_01,acc_back,1,accessory,back,0.4,,accessories,"Pack Tree",468
acc_back_pack_mushroom_duo_01,acc_back,1,accessory,back,0.38,,accessories,"Pack Mushroom Duo",475
acc_back_pack_crystal_duo_01,acc_back,1,accessory,back,0.38,,accessories,"Pack Crystal Duo",477
acc_back_pack_orb_trio_01,acc_back,1,accessory,back,0.36,,accessories,"Pack Orb Trio",472
acc_back_pack_star_wing_01,acc_back,1,accessory,back,0.4,,accessories,"Pack Star Wing",475
acc_back_pack_heart_wing_01,acc_back,1,accessory,back,0.4,,accessories,"Pack Heart Wing",477
acc_back_pack_leaf_wing_01,acc_back,1,accessory,back,0.4,,accessories,"Pack Leaf Wing",476
acc_back_pack_fin_wing_01,acc_back,1,accessory,back,0.4,,accessories,"Pack Fin Wing",475
acc_back_pack_ember_wing_01,acc_back,1,accessory,back,0.4,,accessories,"Pack Ember Wing",486
acc_back_pack_frost_wing_01,acc_back,1,accessory,back,0.4,,accessories,"Pack Frost Wing",476
acc_back_pack_aurora_wing_01,acc_back,1,accessory,back,0.4,,accessories,"Pack Aurora Wing",479
acc_back_pack_bubble_wing_01,acc_back,1,accessory,back,0.4,,accessories,"Pack Bubble Wing",477
acc_back_pack_candy_wing_01,acc_back,1,accessory,back,0.4,,accessories,"Pack Candy Wing",480
acc_back_pack_party_cape_01,acc_back,1,accessory,back,0.48,,accessories,"Pack Party Cape",478
acc_back_pack_hero_cape_01,acc_back,1,accessory,back,0.48,,accessories,"Pack Hero Cape",481
acc_back_pack_villain_cute_01,acc_back,1,accessory,back,0.45,,accessories,"Pack Villain Cute",484
acc_back_pack_scarf_long_01,acc_back,1,accessory,back,0.5,,accessories,"Pack Scarf Long",485
acc_back_pack_blanket_01,acc_back,1,accessory,back,0.45,,accessories,"Pack Blanket",472
acc_back_pack_towel_01,acc_back,1,accessory,back,0.45,,accessories,"Pack Towel",478
acc_back_pack_flag_cape_01,acc_back,1,accessory,back,0.48,,accessories,"Pack Flag Cape",468
acc_back_pack_banner_cape_01,acc_back,1,accessory,back,0.48,,accessories,"Pack Banner Cape",470
acc_back_pack_checkered_01,acc_back,1,accessory,back,0.45,,accessories,"Pack Checkered",472
acc_back_pack_target_01,acc_back,1,accessory,back,0.36,,accessories,"Pack Target",476
acc_back_pack_cover_01,acc_back,1,accessory,back,0.34,,accessories,"Pack Cover",474
acc_back_pack_cone_01,acc_back,1,accessory,back,0.34,,accessories,"Pack Cone",468
acc_back_pack_ramp_01,acc_back,1,accessory,back,0.32,,accessories,"Pack Ramp",468
acc_back_pack_checkpoint_01,acc_back,1,accessory,back,0.36,,accessories,"Pack Checkpoint",467
acc_back_pack_pad_01,acc_back,1,accessory,back,0.28,,accessories,"Pack Pad",479
acc_back_pack_trophy_01,acc_back,1,accessory,back,0.4,,accessories,"Pack Trophy",464
acc_back_pack_medal_rack_01,acc_back,1,accessory,back,0.38,,accessories,"Pack Medal Rack",485
acc_back_pack_crown_case_01,acc_back,1,accessory,back,0.36,,accessories,"Pack Crown Case",471
acc_back_pack_nest_emblem_01,acc_back,1,accessory,back,0.36,,accessories,"Pack Nest Emblem",477
acc_back_pack_pudgy_01,acc_back,1,accessory,back,0.36,,accessories,"Pack Pudgy",473
acc_back_pack_hype_01,acc_back,1,accessory,back,0.36,,accessories,"Pack Hype",483
acc_back_pack_season_01,acc_back,1,accessory,back,0.34,,accessories,"Pack Season",476
acc_back_pack_boing_01,acc_back,1,accessory,back,0.34,,accessories,"Pack Boing",474
acc_back_pack_wallet_nft_01,acc_back,1,accessory,back,0.32,,accessories,"Pack Wallet Nft",477
acc_back_pack_photo_01,acc_back,1,accessory,back,0.34,,accessories,"Pack Photo",476
acc_back_pack_poster_01,acc_back,1,accessory,back,0.38,,accessories,"Pack Poster",477
acc_back_pack_map_01,acc_back,1,accessory,back,0.38,,accessories,"Pack Map",473
acc_back_pack_scroll_01,acc_back,1,accessory,back,0.38,,accessories,"Pack Scroll",470
acc_back_pack_book_01,acc_back,1,accessory,back,0.36,,accessories,"Pack Book",482
acc_back_pack_laptop_01,acc_back,1,accessory,back,0.32,,accessories,"Pack Laptop",484
acc_back_pack_tablet_01,acc_back,1,accessory,back,0.3,,accessories,"Pack Tablet",470
acc_back_pack_console_01,acc_back,1,accessory,back,0.32,,accessories,"Pack Console",473
acc_back_pack_arcade_stick_01,acc_back,1,accessory,back,0.34,,accessories,"Pack Arcade Stick",477
acc_back_pack_drums_01,acc_back,1,accessory,back,0.34,,accessories,"Pack Drums",468
acc_back_pack_guitar_01,acc_back,1,accessory,back,0.4,,accessories,"Pack Guitar",475
acc_back_pack_keytar_01,acc_back,1,accessory,back,0.4,,accessories,"Pack Keytar",466
acc_back_pack_sax_01,acc_back,1,accessory,back,0.4,,accessories,"Pack Sax",465
acc_back_pack_trumpet_01,acc_back,1,accessory,back,0.38,,accessories,"Pack Trumpet",469
acc_back_pack_violin_01,acc_back,1,accessory,back,0.4,,accessories,"Pack Violin",474
acc_back_pack_harp_01,acc_back,1,accessory,back,0.42,,accessories,"Pack Harp",466
acc_back_pack_maracas_01,acc_back,1,accessory,back,0.34,,accessories,"Pack Maracas",472
acc_back_pack_tambourine_01,acc_back,1,accessory,back,0.32,,accessories,"Pack Tambourine",469
acc_back_pack_xylophone_01,acc_back,1,accessory,back,0.34,,accessories,"Pack Xylophone",475
acc_back_pack_synth_01,acc_back,1,accessory,back,0.32,,accessories,"Pack Synth",464
acc_back_pack_speaker_duo_01,acc_back,1,accessory,back,0.36,,accessories,"Pack Speaker Duo",474
acc_back_pack_lights_01,acc_back,1,accessory,back,0.34,,accessories,"Pack Lights",481
acc_back_pack_disco_01,acc_back,1,accessory,back,0.34,,accessories,"Pack Disco",483
acc_back_pack_fog_01,acc_back,1,accessory,back,0.34,,accessories,"Pack Fog",490
acc_back_pack_confetti_cannon_01,acc_back,1,accessory,back,0.38,,accessories,"Pack Confetti Cannon",479
acc_back_pack_bubble_gun_01,acc_back,1,accessory,back,0.36,,accessories,"Pack Bubble Gun",471
acc_back_pack_water_gun_01,acc_back,1,accessory,back,0.36,,accessories,"Pack Water Gun",485
acc_back_pack_foam_bat_01,acc_back,1,accessory,back,0.4,,accessories,"Pack Foam Bat",471
acc_back_pack_foam_sword_01,acc_back,1,accessory,back,0.42,,accessories,"Pack Foam Sword",479
acc_back_pack_foam_shield_01,acc_back,1,accessory,back,0.36,,accessories,"Pack Foam Shield",469
acc_back_pack_wand_back_01,acc_back,1,accessory,back,0.38,,accessories,"Pack Wand Back",469
acc_back_pack_staff_01,acc_back,1,accessory,back,0.5,,accessories,"Pack Staff",477
acc_back_pack_trident_01,acc_back,1,accessory,back,0.48,,accessories,"Pack Trident",468
acc_back_pack_bow_01,acc_back,1,accessory,back,0.4,,accessories,"Pack Bow",471
acc_back_pack_sling_01,acc_back,1,accessory,back,0.34,,accessories,"Pack Sling",467
acc_back_pack_boomerang_01,acc_back,1,accessory,back,0.32,,accessories,"Pack Boomerang",472
acc_back_pack_frisbee_01,acc_back,1,accessory,back,0.28,,accessories,"Pack Frisbee",466
acc_back_pack_ball_01,acc_back,1,accessory,back,0.32,,accessories,"Pack Ball",475
acc_back_pack_yo_01,acc_back,1,accessory,back,0.28,,accessories,"Pack Yo",464
acc_back_pack_kite_01,acc_back,1,accessory,back,0.42,,accessories,"Pack Kite",473
acc_back_pack_balloon_animal_01,acc_back,1,accessory,back,0.36,,accessories,"Pack Balloon Animal",472
acc_back_pack_plush_01,acc_back,1,accessory,back,0.36,,accessories,"Pack Plush",481
acc_back_pack_teddy_01,acc_back,1,accessory,back,0.36,,accessories,"Pack Teddy",464
acc_back_pack_dino_plush_01,acc_back,1,accessory,back,0.36,,accessories,"Pack Dino Plush",468
acc_back_pack_unicorn_plush_01,acc_back,1,accessory,back,0.36,,accessories,"Pack Unicorn Plush",471
acc_back_pack_dragon_plush_01,acc_back,1,accessory,back,0.36,,accessories,"Pack Dragon Plush",470
acc_back_pack_ghost_plush_01,acc_back,1,accessory,back,0.34,,accessories,"Pack Ghost Plush",469
acc_back_pack_pumpkin_plush_01,acc_back,1,accessory,back,0.34,,accessories,"Pack Pumpkin Plush",473
acc_back_pack_snowman_plush_01,acc_back,1,accessory,back,0.36,,accessories,"Pack Snowman Plush",472
acc_back_pack_tree_plush_01,acc_back,1,accessory,back,0.38,,accessories,"Pack Tree Plush",475
acc_back_pack_star_plush_01,acc_back,1,accessory,back,0.32,,accessories,"Pack Star Plush",470
acc_back_pack_heart_plush_01,acc_back,1,accessory,back,0.32,,accessories,"Pack Heart Plush",469
acc_back_pack_moon_plush_01,acc_back,1,accessory,back,0.32,,accessories,"Pack Moon Plush",470
acc_back_pack_sun_plush_01,acc_back,1,accessory,back,0.32,,accessories,"Pack Sun Plush",470
acc_back_pack_cloud_plush_01,acc_back,1,accessory,back,0.32,,accessories,"Pack Cloud Plush",468
acc_back_pack_rainbow_plush_01,acc_back,1,accessory,back,0.34,,accessories,"Pack Rainbow Plush",477
acc_face_ocean_mask_01,acc_face,1,accessory,face,0.14,,accessories,"Ocean Mask",478
acc_face_forest_mask_01,acc_face,1,accessory,face,0.14,,accessories,"Forest Mask",472
acc_face_lava_mask_01,acc_face,1,accessory,face,0.14,,accessories,"Lava Mask",485
acc_face_sky_mask_01,acc_face,1,accessory,face,0.14,,accessories,"Sky Mask",472
acc_face_ice_mask_01,acc_face,1,accessory,face,0.14,,accessories,"Ice Mask",472
acc_face_candy_mask_01,acc_face,1,accessory,face,0.14,,accessories,"Candy Mask",476
acc_face_race_visor_01,acc_face,1,accessory,face,0.12,,accessories,"Race Visor",471
acc_face_vibe_shades_01,acc_face,1,accessory,face,0.12,,accessories,"Vibe Shades",489
acc_face_shooter_shades_01,acc_face,1,accessory,face,0.12,,accessories,"Shooter Shades",478
acc_face_party_shades_01,acc_face,1,accessory,face,0.12,,accessories,"Party Shades",480
acc_face_heart_shades_01,acc_face,1,accessory,face,0.12,,accessories,"Heart Shades",472
acc_face_star_shades_01,acc_face,1,accessory,face,0.12,,accessories,"Star Shades",473
acc_face_round_shades_01,acc_face,1,accessory,face,0.12,,accessories,"Round Shades",468
acc_face_square_shades_01,acc_face,1,accessory,face,0.12,,accessories,"Square Shades",469
acc_face_aviator_01,acc_face,1,accessory,face,0.12,,accessories,"Aviator",476
acc_face_cat_eye_01,acc_face,1,accessory,face,0.12,,accessories,"Cat Eye",467
acc_face_monocle_01,acc_face,1,accessory,face,0.1,,accessories,"Monocle",474
acc_face_goggles_swim_01,acc_face,1,accessory,face,0.12,,accessories,"Goggles Swim",471
acc_face_goggles_ski_01,acc_face,1,accessory,face,0.14,,accessories,"Goggles Ski",469
acc_face_goggles_night_01,acc_face,1,accessory,face,0.14,,accessories,"Goggles Night",483
acc_face_goggles_sci_01,acc_face,1,accessory,face,0.14,,accessories,"Goggles Sci",480
acc_face_goggles_pilot_01,acc_face,1,accessory,face,0.14,,accessories,"Goggles Pilot",472
acc_face_goggles_steam_01,acc_face,1,accessory,face,0.14,,accessories,"Goggles Steam",478
acc_face_mask_hero_01,acc_face,1,accessory,face,0.12,,accessories,"Mask Hero",466
acc_face_mask_sidekick_01,acc_face,1,accessory,face,0.12,,accessories,"Mask Sidekick",470
acc_face_mask_ninja_01,acc_face,1,accessory,face,0.1,,accessories,"Mask Ninja",478
acc_face_mask_bandit_01,acc_face,1,accessory,face,0.1,,accessories,"Mask Bandit",477
acc_face_mask_domino_01,acc_face,1,accessory,face,0.12,,accessories,"Mask Domino",470
acc_face_mask_masquerade_01,acc_face,1,accessory,face,0.14,,accessories,"Mask Masquerade",487
acc_face_mask_fox_01,acc_face,1,accessory,face,0.14,,accessories,"Mask Fox",472
acc_face_mask_cat_01,acc_face,1,accessory,face,0.14,,accessories,"Mask Cat",472
acc_face_mask_owl_01,acc_face,1,accessory,face,0.14,,accessories,"Mask Owl",472
acc_face_mask_frog_01,acc_face,1,accessory,face,0.14,,accessories,"Mask Frog",472
acc_face_mask_bunny_01,acc_face,1,accessory,face,0.14,,accessories,"Mask Bunny",473
acc_face_mask_bear_01,acc_face,1,accessory,face,0.14,,accessories,"Mask Bear",473
acc_face_mask_panda_01,acc_face,1,accessory,face,0.14,,accessories,"Mask Panda",477
acc_face_mask_dino_01,acc_face,1,accessory,face,0.14,,accessories,"Mask Dino",472
acc_face_mask_dragon_01,acc_face,1,accessory,face,0.14,,accessories,"Mask Dragon",474
acc_face_mask_unicorn_01,acc_face,1,accessory,face,0.14,,accessories,"Mask Unicorn",475
acc_face_mask_alien_01,acc_face,1,accessory,face,0.14,,accessories,"Mask Alien",473
acc_face_mask_robot_01,acc_face,1,accessory,face,0.14,,accessories,"Mask Robot",474
acc_face_mask_ghost_01,acc_face,1,accessory,face,0.14,,accessories,"Mask Ghost",478
acc_face_mask_pumpkin_01,acc_face,1,accessory,face,0.14,,accessories,"Mask Pumpkin",483
acc_face_mask_skull_candy_01,acc_face,1,accessory,face,0.14,,accessories,"Mask Skull Candy",490
acc_face_mask_clown_cute_01,acc_face,1,accessory,face,0.14,,accessories,"Mask Clown Cute",485
acc_face_mask_mime_01,acc_face,1,accessory,face,0.14,,accessories,"Mask Mime",476
acc_face_mask_jester_01,acc_face,1,accessory,face,0.14,,accessories,"Mask Jester",471
acc_face_mask_pharaoh_01,acc_face,1,accessory,face,0.14,,accessories,"Mask Pharaoh",492
acc_face_mask_samurai_01,acc_face,1,accessory,face,0.14,,accessories,"Mask Samurai",484
acc_face_mask_knight_01,acc_face,1,accessory,face,0.14,,accessories,"Mask Knight",481
acc_face_mask_viking_01,acc_face,1,accessory,face,0.14,,accessories,"Mask Viking",474
acc_face_nose_clown_01,acc_face,1,accessory,face,0.08,,accessories,"Nose Clown",480
acc_face_nose_pig_01,acc_face,1,accessory,face,0.08,,accessories,"Nose Pig",471
acc_face_nose_witch_01,acc_face,1,accessory,face,0.08,,accessories,"Nose Witch",478
acc_face_mustache_01,acc_face,1,accessory,face,0.06,,accessories,"Mustache",473
acc_face_mustache_curl_01,acc_face,1,accessory,face,0.06,,accessories,"Mustache Curl",472
acc_face_beard_cute_01,acc_face,1,accessory,face,0.1,,accessories,"Beard Cute",476
acc_face_whiskers_01,acc_face,1,accessory,face,0.08,,accessories,"Whiskers",472
acc_face_blush_stickers_01,acc_face,1,accessory,face,0.06,,accessories,"Blush Stickers",488
acc_face_freckle_stickers_01,acc_face,1,accessory,face,0.06,,accessories,"Freckle Stickers",478
acc_face_star_stickers_01,acc_face,1,accessory,face,0.08,,accessories,"Star Stickers",484
acc_face_heart_stickers_01,acc_face,1,accessory,face,0.08,,accessories,"Heart Stickers",483
acc_face_tear_cute_01,acc_face,1,accessory,face,0.06,,accessories,"Tear Cute",471
acc_face_sweat_cute_01,acc_face,1,accessory,face,0.06,,accessories,"Sweat Cute",471
acc_face_anger_vein_cute_01,acc_face,1,accessory,face,0.06,,accessories,"Anger Vein Cute",482
acc_face_sleep_zzz_01,acc_face,1,accessory,face,0.1,,accessories,"Sleep Zzz",479
acc_face_bubble_gum_01,acc_face,1,accessory,face,0.1,,accessories,"Bubble Gum",474
acc_face_lolli_mouth_01,acc_face,1,accessory,face,0.12,,accessories,"Lolli Mouth",481
acc_face_pipe_bubbles_01,acc_face,1,accessory,face,0.12,,accessories,"Pipe Bubbles",473
acc_face_flower_nose_01,acc_face,1,accessory,face,0.1,,accessories,"Flower Nose",472
acc_face_bow_face_01,acc_face,1,accessory,face,0.1,,accessories,"Bow Face",465
acc_face_bandage_cute_01,acc_face,1,accessory,face,0.06,,accessories,"Bandage Cute",476
acc_face_eyepatch_cute_01,acc_face,1,accessory,face,0.08,,accessories,"Eyepatch Cute",478
acc_face_scar_sticker_01,acc_face,1,accessory,face,0.06,,accessories,"Scar Sticker",485
acc_face_jewel_forehead_01,acc_face,1,accessory,face,0.08,,accessories,"Jewel Forehead",470
acc_face_bindi_cute_01,acc_face,1,accessory,face,0.06,,accessories,"Bindi Cute",494
acc_face_third_eye_cute_01,acc_face,1,accessory,face,0.08,,accessories,"Third Eye Cute",487
acc_face_antenna_face_01,acc_face,1,accessory,face,0.14,,accessories,"Antenna Face",487
acc_face_horn_face_01,acc_face,1,accessory,face,0.12,,accessories,"Horn Face",484
acc_face_halo_face_01,acc_face,1,accessory,face,0.1,,accessories,"Halo Face",490
acc_face_crown_mini_face_01,acc_face,1,accessory,face,0.1,,accessories,"Crown Mini Face",486
acc_face_headphones_face_01,acc_face,1,accessory,face,0.12,,accessories,"Headphones Face",488
acc_face_earring_hoop_01,acc_face,1,accessory,face,0.1,,accessories,"Earring Hoop",481
acc_face_earring_star_01,acc_face,1,accessory,face,0.1,,accessories,"Earring Star",483
acc_face_earring_shell_01,acc_face,1,accessory,face,0.1,,accessories,"Earring Shell",482
acc_face_earring_candy_01,acc_face,1,accessory,face,0.1,,accessories,"Earring Candy",482
acc_face_earring_gem_01,acc_face,1,accessory,face,0.1,,accessories,"Earring Gem",480
acc_face_earring_feather_01,acc_face,1,accessory,face,0.12,,accessories,"Earring Feather",485
acc_face_earring_bell_01,acc_face,1,accessory,face,0.1,,accessories,"Earring Bell",481
acc_face_earring_heart_01,acc_face,1,accessory,face,0.1,,accessories,"Earring Heart",482
acc_face_earring_bolt_01,acc_face,1,accessory,face,0.1,,accessories,"Earring Bolt",484
acc_face_earring_moon_01,acc_face,1,accessory,face,0.1,,accessories,"Earring Moon",483
acc_face_earring_planet_01,acc_face,1,accessory,face,0.1,,accessories,"Earring Planet",483
acc_face_earring_dice_01,acc_face,1,accessory,face,0.1,,accessories,"Earring Dice",482
acc_face_earring_note_01,acc_face,1,accessory,face,0.1,,accessories,"Earring Note",484
acc_face_earring_game_01,acc_face,1,accessory,face,0.1,,accessories,"Earring Game",481
acc_face_earring_pixel_01,acc_face,1,accessory,face,0.1,,accessories,"Earring Pixel",483
acc_face_shades_pixel_01,acc_face,1,accessory,face,0.12,,accessories,"Shades Pixel",472
acc_face_shades_glitch_01,acc_face,1,accessory,face,0.12,,accessories,"Shades Glitch",475
acc_face_shades_neon_01,acc_face,1,accessory,face,0.12,,accessories,"Shades Neon",473
acc_face_shades_disco_01,acc_face,1,accessory,face,0.12,,accessories,"Shades Disco",479
acc_face_shades_mirror_01,acc_face,1,accessory,face,0.12,,accessories,"Shades Mirror",479
acc_face_shades_heart_pixel_01,acc_face,1,accessory,face,0.12,,accessories,"Shades Heart Pixel",471
acc_face_shades_star_pixel_01,acc_face,1,accessory,face,0.12,,accessories,"Shades Star Pixel",472
acc_face_mask_vr_01,acc_face,1,accessory,face,0.14,,accessories,"Mask Vr",477
acc_face_mask_ar_01,acc_face,1,accessory,face,0.12,,accessories,"Mask Ar",478
acc_face_mask_snorkel_01,acc_face,1,accessory,face,0.14,,accessories,"Mask Snorkel",470
acc_face_mask_gas_cute_01,acc_face,1,accessory,face,0.14,,accessories,"Mask Gas Cute",503
acc_face_mask_plague_cute_01,acc_face,1,accessory,face,0.16,,accessories,"Mask Plague Cute",499
acc_face_mask_oni_cute_01,acc_face,1,accessory,face,0.14,,accessories,"Mask Oni Cute",490
acc_face_mask_kitsune_01,acc_face,1,accessory,face,0.14,,accessories,"Mask Kitsune",476
acc_face_mask_tengu_cute_01,acc_face,1,accessory,face,0.14,,accessories,"Mask Tengu Cute",482
acc_face_mask_hannya_cute_01,acc_face,1,accessory,face,0.14,,accessories,"Mask Hannya Cute",493
acc_face_mask_balinese_01,acc_face,1,accessory,face,0.14,,accessories,"Mask Balinese",502
acc_face_mask_african_cute_01,acc_face,1,accessory,face,0.14,,accessories,"Mask African Cute",507
acc_face_mask_aztec_cute_01,acc_face,1,accessory,face,0.14,,accessories,"Mask Aztec Cute",501
acc_face_mask_egyptian_01,acc_face,1,accessory,face,0.12,,accessories,"Mask Egyptian",493
acc_face_mask_greek_01,acc_face,1,accessory,face,0.14,,accessories,"Mask Greek",479
acc_face_mask_tragedy_cute_01,acc_face,1,accessory,face,0.14,,accessories,"Mask Tragedy Cute",502
acc_face_mask_comedy_01,acc_face,1,accessory,face,0.14,,accessories,"Mask Comedy",484
acc_face_mask_venetian_01,acc_face,1,accessory,face,0.14,,accessories,"Mask Venetian",486
acc_face_mask_carnival_01,acc_face,1,accessory,face,0.16,,accessories,"Mask Carnival",487
acc_face_mask_daydead_cute_01,acc_face,1,accessory,face,0.14,,accessories,"Mask Daydead Cute",507
acc_face_mask_luchador_01,acc_face,1,accessory,face,0.14,,accessories,"Mask Luchador",477
acc_face_mask_hockey_cute_01,acc_face,1,accessory,face,0.14,,accessories,"Mask Hockey Cute",490
acc_face_mask_catcher_01,acc_face,1,accessory,face,0.14,,accessories,"Mask Catcher",469
acc_face_mask_fencing_01,acc_face,1,accessory,face,0.14,,accessories,"Mask Fencing",486
acc_face_mask_scuba_01,acc_face,1,accessory,face,0.14,,accessories,"Mask Scuba",473
acc_face_mask_welding_cute_01,acc_face,1,accessory,face,0.14,,accessories,"Mask Welding Cute",490
acc_face_mask_chef_01,acc_face,1,accessory,face,0.12,,accessories,"Mask Chef",468
acc_face_mask_doctor_cute_01,acc_face,1,accessory,face,0.1,,accessories,"Mask Doctor Cute",473
acc_face_mask_nurse_cute_01,acc_face,1,accessory,face,0.1,,accessories,"Mask Nurse Cute",473
acc_face_mask_dentist_cute_01,acc_face,1,accessory,face,0.12,,accessories,"Mask Dentist Cute",481
acc_face_mask_lab_01,acc_face,1,accessory,face,0.12,,accessories,"Mask Lab",473
acc_face_mask_hazmat_cute_01,acc_face,1,accessory,face,0.14,,accessories,"Mask Hazmat Cute",486
acc_face_mask_astronaut_face_01,acc_face,1,accessory,face,0.14,,accessories,"Mask Astronaut Face",474
acc_face_mask_pilot_oxy_01,acc_face,1,accessory,face,0.12,,accessories,"Mask Pilot Oxy",473
acc_face_mask_gas_round_01,acc_face,1,accessory,face,0.12,,accessories,"Mask Gas Round",483
acc_face_mask_surgical_cute_01,acc_face,1,accessory,face,0.1,,accessories,"Mask Surgical Cute",475
acc_face_mask_cloth_01,acc_face,1,accessory,face,0.1,,accessories,"Mask Cloth",486
acc_face_mask_bandana_face_01,acc_face,1,accessory,face,0.1,,accessories,"Mask Bandana Face",472
acc_face_mask_scarf_face_01,acc_face,1,accessory,face,0.12,,accessories,"Mask Scarf Face",469
acc_face_mask_balaclava_cute_01,acc_face,1,accessory,face,0.14,,accessories,"Mask Balaclava Cute",494
acc_face_mask_ski_face_01,acc_face,1,accessory,face,0.12,,accessories,"Mask Ski Face",464
acc_face_mask_neoprene_01,acc_face,1,accessory,face,0.12,,accessories,"Mask Neoprene",477
acc_face_mask_leather_cute_01,acc_face,1,accessory,face,0.12,,accessories,"Mask Leather Cute",487
acc_face_mask_lace_01,acc_face,1,accessory,face,0.12,,accessories,"Mask Lace",466
acc_face_mask_sequin_01,acc_face,1,accessory,face,0.12,,accessories,"Mask Sequin",484
acc_face_mask_glitter_01,acc_face,1,accessory,face,0.12,,accessories,"Mask Glitter",490
acc_face_mask_hologram_01,acc_face,1,accessory,face,0.12,,accessories,"Mask Hologram",481
acc_face_mask_neon_face_01,acc_face,1,accessory,face,0.12,,accessories,"Mask Neon Face",487
acc_face_mask_pixel_face_01,acc_face,1,accessory,face,0.12,,accessories,"Mask Pixel Face",475
acc_face_mask_glitch_face_01,acc_face,1,accessory,face,0.12,,accessories,"Mask Glitch Face",470
acc_face_mask_error_face_01,acc_face,1,accessory,face,0.12,,accessories,"Mask Error Face",485
acc_face_mask_smile_01,acc_face,1,accessory,face,0.12,,accessories,"Mask Smile",473
acc_face_mask_wink_01,acc_face,1,accessory,face,0.12,,accessories,"Mask Wink",466
acc_face_mask_cool_01,acc_face,1,accessory,face,0.12,,accessories,"Mask Cool",474
acc_face_mask_shy_01,acc_face,1,accessory,face,0.12,,accessories,"Mask Shy",471
acc_face_mask_sparkle_eyes_01,acc_face,1,accessory,face,0.1,,accessories,"Mask Sparkle Eyes",475
acc_face_mask_heart_eyes_01,acc_face,1,accessory,face,0.1,,accessories,"Mask Heart Eyes",466
acc_face_mask_star_eyes_01,acc_face,1,accessory,face,0.1,,accessories,"Mask Star Eyes",467
acc_face_mask_spiral_cute_01,acc_face,1,accessory,face,0.1,,accessories,"Mask Spiral Cute",497
acc_face_mask_x_eyes_cute_01,acc_face,1,accessory,face,0.1,,accessories,"Mask X Eyes Cute",486
acc_face_mask_dot_eyes_01,acc_face,1,accessory,face,0.1,,accessories,"Mask Dot Eyes",475
acc_face_mask_lash_01,acc_face,1,accessory,face,0.08,,accessories,"Mask Lash",492
acc_face_mask_brow_01,acc_face,1,accessory,face,0.06,,accessories,"Mask Brow",479
acc_face_mask_freckle_heart_01,acc_face,1,accessory,face,0.06,,accessories,"Mask Freckle Heart",474
acc_face_mask_jewel_tear_01,acc_face,1,accessory,face,0.08,,accessories,"Mask Jewel Tear",466
acc_face_mask_candy_tear_01,acc_face,1,accessory,face,0.08,,accessories,"Mask Candy Tear",467
acc_face_mask_glitter_tear_01,acc_face,1,accessory,face,0.08,,accessories,"Mask Glitter Tear",477
acc_face_mask_rainbow_cheek_01,acc_face,1,accessory,face,0.08,,accessories,"Mask Rainbow Cheek",478
acc_face_mask_speed_cheek_01,acc_face,1,accessory,face,0.08,,accessories,"Mask Speed Cheek",467
acc_face_mask_vibe_cheek_01,acc_face,1,accessory,face,0.08,,accessories,"Mask Vibe Cheek",468
acc_face_mask_star_cheek_01,acc_face,1,accessory,face,0.08,,accessories,"Mask Star Cheek",460
acc_face_mask_party_cheek_01,acc_face,1,accessory,face,0.08,,accessories,"Mask Party Cheek",468
acc_hands_ocean_fins_01,acc_hands,1,accessory,hands,0.12,,accessories,"Ocean Fins",508
acc_hands_forest_leaf_01,acc_hands,1,accessory,hands,0.12,,accessories,"Forest Leaf",503
acc_hands_lava_ember_01,acc_hands,1,accessory,hands,0.12,,accessories,"Lava Ember",517
acc_hands_sky_cloud_01,acc_hands,1,accessory,hands,0.12,,accessories,"Sky Cloud",503
acc_hands_ice_frost_01,acc_hands,1,accessory,hands,0.12,,accessories,"Ice Frost",503
acc_hands_candy_sprinkle_01,acc_hands,1,accessory,hands,0.12,,accessories,"Candy Sprinkle",507
acc_hands_race_grip_01,acc_hands,1,accessory,hands,0.12,,accessories,"Race Grip",509
acc_hands_vibe_glow_01,acc_hands,1,accessory,hands,0.12,,accessories,"Vibe Glow",510
acc_hands_shooter_foam_01,acc_hands,1,accessory,hands,0.12,,accessories,"Shooter Foam",512
acc_hands_party_sparkle_01,acc_hands,1,accessory,hands,0.12,,accessories,"Party Sparkle",511
acc_hands_mittens_heart_01,acc_hands,1,accessory,hands,0.12,,accessories,"Mittens Heart",499
acc_hands_mittens_star_01,acc_hands,1,accessory,hands,0.12,,accessories,"Mittens Star",504
acc_hands_mittens_bunny_01,acc_hands,1,accessory,hands,0.12,,accessories,"Mittens Bunny",499
acc_hands_mittens_bear_01,acc_hands,1,accessory,hands,0.12,,accessories,"Mittens Bear",499
acc_hands_mittens_frog_01,acc_hands,1,accessory,hands,0.12,,accessories,"Mittens Frog",498
acc_hands_mittens_cat_01,acc_hands,1,accessory,hands,0.12,,accessories,"Mittens Cat",498
acc_hands_mittens_dino_01,acc_hands,1,accessory,hands,0.12,,accessories,"Mittens Dino",498
acc_hands_mittens_monster_01,acc_hands,1,accessory,hands,0.12,,accessories,"Mittens Monster",503
acc_hands_gloves_box_01,acc_hands,1,accessory,hands,0.14,,accessories,"Gloves Box",509
acc_hands_gloves_goalie_01,acc_hands,1,accessory,hands,0.14,,accessories,"Gloves Goalie",509
acc_hands_gloves_baseball_01,acc_hands,1,accessory,hands,0.14,,accessories,"Gloves Baseball",514
acc_hands_gloves_garden_01,acc_hands,1,accessory,hands,0.12,,accessories,"Gloves Garden",504
acc_hands_gloves_oven_01,acc_hands,1,accessory,hands,0.14,,accessories,"Gloves Oven",502
acc_hands_gloves_dish_01,acc_hands,1,accessory,hands,0.12,,accessories,"Gloves Dish",503
acc_hands_gloves_lab_01,acc_hands,1,accessory,hands,0.12,,accessories,"Gloves Lab",501
acc_hands_gloves_space_01,acc_hands,1,accessory,hands,0.12,,accessories,"Gloves Space",503
acc_hands_gloves_knight_01,acc_hands,1,accessory,hands,0.14,,accessories,"Gloves Knight",519
acc_hands_gloves_wizard_01,acc_hands,1,accessory,hands,0.12,,accessories,"Gloves Wizard",505
acc_hands_gloves_ninja_01,acc_hands,1,accessory,hands,0.12,,accessories,"Gloves Ninja",509
acc_hands_gloves_hero_01,acc_hands,1,accessory,hands,0.12,,accessories,"Gloves Hero",503
acc_hands_gloves_winter_01,acc_hands,1,accessory,hands,0.12,,accessories,"Gloves Winter",506
acc_hands_gloves_fingerless_01,acc_hands,1,accessory,hands,0.12,,accessories,"Gloves Fingerless",512
acc_hands_gloves_lace_01,acc_hands,1,accessory,hands,0.12,,accessories,"Gloves Lace",502
acc_hands_gloves_opera_01,acc_hands,1,accessory,hands,0.16,,accessories,"Gloves Opera",509
acc_hands_gloves_pixel_01,acc_hands,1,accessory,hands,0.12,,accessories,"Gloves Pixel",510
acc_hands_gloves_neon_01,acc_hands,1,accessory,hands,0.12,,accessories,"Gloves Neon",512
acc_hands_gloves_disco_01,acc_hands,1,accessory,hands,0.12,,accessories,"Gloves Disco",518
acc_hands_gloves_rubber_01,acc_hands,1,accessory,hands,0.12,,accessories,"Gloves Rubber",510
acc_hands_gloves_foam_star_01,acc_hands,1,accessory,hands,0.14,,accessories,"Gloves Foam Star",503
acc_hands_gloves_foam_heart_01,acc_hands,1,accessory,hands,0.14,,accessories,"Gloves Foam Heart",503
acc_hands_gloves_foam_fist_01,acc_hands,1,accessory,hands,0.14,,accessories,"Gloves Foam Fist",507
acc_hands_gloves_maraca_01,acc_hands,1,accessory,hands,0.14,,accessories,"Gloves Maraca",505
acc_hands_gloves_pompom_01,acc_hands,1,accessory,hands,0.14,,accessories,"Gloves Pompom",503
acc_hands_gloves_flags_01,acc_hands,1,accessory,hands,0.14,,accessories,"Gloves Flags",506
acc_hands_gloves_signs_01,acc_hands,1,accessory,hands,0.14,,accessories,"Gloves Signs",507
acc_hands_gloves_fans_01,acc_hands,1,accessory,hands,0.12,,accessories,"Gloves Fans",498
acc_hands_gloves_castanet_01,acc_hands,1,accessory,hands,0.1,,accessories,"Gloves Castanet",501
acc_hands_gloves_clicker_01,acc_hands,1,accessory,hands,0.1,,accessories,"Gloves Clicker",499
acc_hands_gloves_yoyo_01,acc_hands,1,accessory,hands,0.12,,accessories,"Gloves Yoyo",493
acc_hands_gloves_ball_01,acc_hands,1,accessory,hands,0.12,,accessories,"Gloves Ball",497
acc_hands_gloves_frisbee_01,acc_hands,1,accessory,hands,0.1,,accessories,"Gloves Frisbee",499
acc_hands_gloves_bubble_01,acc_hands,1,accessory,hands,0.14,,accessories,"Gloves Bubble",497
acc_hands_gloves_sparkler_01,acc_hands,1,accessory,hands,0.14,,accessories,"Gloves Sparkler",519
acc_hands_gloves_glowstick_01,acc_hands,1,accessory,hands,0.14,,accessories,"Gloves Glowstick",498
acc_hands_gloves_flashlight_01,acc_hands,1,accessory,hands,0.14,,accessories,"Gloves Flashlight",503
acc_hands_gloves_camera_01,acc_hands,1,accessory,hands,0.12,,accessories,"Gloves Camera",497
acc_hands_gloves_phone_01,acc_hands,1,accessory,hands,0.12,,accessories,"Gloves Phone",510
acc_hands_gloves_mic_01,acc_hands,1,accessory,hands,0.14,,accessories,"Gloves Mic",502
acc_hands_gloves_controller_01,acc_hands,1,accessory,hands,0.12,,accessories,"Gloves Controller",501
acc_hands_gloves_wand_01,acc_hands,1,accessory,hands,0.16,,accessories,"Gloves Wand",494
acc_hands_gloves_sword_foam_01,acc_hands,1,accessory,hands,0.18,,accessories,"Gloves Sword Foam",504
acc_hands_gloves_shield_foam_01,acc_hands,1,accessory,hands,0.14,,accessories,"Gloves Shield Foam",498
acc_hands_gloves_blaster_01,acc_hands,1,accessory,hands,0.16,,accessories,"Gloves Blaster",518
acc_hands_gloves_watergun_01,acc_hands,1,accessory,hands,0.16,,accessories,"Gloves Watergun",501
acc_hands_gloves_hammer_foam_01,acc_hands,1,accessory,hands,0.16,,accessories,"Gloves Hammer Foam",505
acc_hands_gloves_bat_foam_01,acc_hands,1,accessory,hands,0.16,,accessories,"Gloves Bat Foam",500
acc_hands_gloves_racket_01,acc_hands,1,accessory,hands,0.16,,accessories,"Gloves Racket",497
acc_hands_gloves_club_01,acc_hands,1,accessory,hands,0.18,,accessories,"Gloves Club",507
acc_hands_gloves_cue_01,acc_hands,1,accessory,hands,0.18,,accessories,"Gloves Cue",505
acc_hands_gloves_brush_01,acc_hands,1,accessory,hands,0.14,,accessories,"Gloves Brush",498
acc_hands_gloves_crayon_01,acc_hands,1,accessory,hands,0.14,,accessories,"Gloves Crayon",500
acc_hands_gloves_pencil_01,acc_hands,1,accessory,hands,0.16,,accessories,"Gloves Pencil",504
acc_hands_gloves_spatula_01,acc_hands,1,accessory,hands,0.14,,accessories,"Gloves Spatula",495
acc_hands_gloves_whisk_01,acc_hands,1,accessory,hands,0.14,,accessories,"Gloves Whisk",500
acc_hands_gloves_ladle_01,acc_hands,1,accessory,hands,0.14,,accessories,"Gloves Ladle",492
acc_hands_gloves_tongs_01,acc_hands,1,accessory,hands,0.14,,accessories,"Gloves Tongs",491
acc_hands_gloves_fork_01,acc_hands,1,accessory,hands,0.14,,accessories,"Gloves Fork",504
acc_hands_gloves_spoon_01,acc_hands,1,accessory,hands,0.14,,accessories,"Gloves Spoon",496
acc_hands_gloves_knife_butter_01,acc_hands,1,accessory,hands,0.14,,accessories,"Gloves Knife Butter",511
acc_hands_gloves_chopsticks_01,acc_hands,1,accessory,hands,0.16,,accessories,"Gloves Chopsticks",502
acc_hands_gloves_lolli_01,acc_hands,1,accessory,hands,0.14,,accessories,"Gloves Lolli",495
acc_hands_gloves_icecream_01,acc_hands,1,accessory,hands,0.14,,accessories,"Gloves Icecream",501
acc_hands_gloves_donut_01,acc_hands,1,accessory,hands,0.12,,accessories,"Gloves Donut",493
acc_hands_gloves_cookie_01,acc_hands,1,accessory,hands,0.1,,accessories,"Gloves Cookie",494
acc_hands_gloves_cupcake_01,acc_hands,1,accessory,hands,0.12,,accessories,"Gloves Cupcake",494
acc_hands_gloves_candy_01,acc_hands,1,accessory,hands,0.1,,accessories,"Gloves Candy",498
acc_hands_gloves_balloon_01,acc_hands,1,accessory,hands,0.16,,accessories,"Gloves Balloon",507
acc_hands_gloves_flower_01,acc_hands,1,accessory,hands,0.14,,accessories,"Gloves Flower",500
acc_hands_gloves_gift_01,acc_hands,1,accessory,hands,0.12,,accessories,"Gloves Gift",496
acc_hands_gloves_trophy_01,acc_hands,1,accessory,hands,0.14,,accessories,"Gloves Trophy",499
acc_hands_gloves_medal_01,acc_hands,1,accessory,hands,0.12,,accessories,"Gloves Medal",496
acc_hands_gloves_ticket_01,acc_hands,1,accessory,hands,0.1,,accessories,"Gloves Ticket",500
acc_hands_gloves_map_01,acc_hands,1,accessory,hands,0.12,,accessories,"Gloves Map",503
acc_hands_gloves_book_01,acc_hands,1,accessory,hands,0.12,,accessories,"Gloves Book",503
acc_hands_gloves_scroll_01,acc_hands,1,accessory,hands,0.14,,accessories,"Gloves Scroll",499
acc_hands_gloves_orb_01,acc_hands,1,accessory,hands,0.12,,accessories,"Gloves Orb",496
acc_hands_gloves_crystal_01,acc_hands,1,accessory,hands,0.12,,accessories,"Gloves Crystal",502
acc_hands_gloves_egg_01,acc_hands,1,accessory,hands,0.12,,accessories,"Gloves Egg",497
acc_hands_gloves_mushroom_01,acc_hands,1,accessory,hands,0.12,,accessories,"Gloves Mushroom",500
acc_hands_gloves_cone_01,acc_hands,1,accessory,hands,0.12,,accessories,"Gloves Cone",502
acc_hands_gloves_star_target_01,acc_hands,1,accessory,hands,0.12,,accessories,"Gloves Star Target",503
acc_hands_gloves_dice_01,acc_hands,1,accessory,hands,0.1,,accessories,"Gloves Dice",496
acc_hands_gloves_cards_01,acc_hands,1,accessory,hands,0.12,,accessories,"Gloves Cards",502
acc_hands_gloves_coins_01,acc_hands,1,accessory,hands,0.1,,accessories,"Gloves Coins",497
acc_hands_gloves_gems_01,acc_hands,1,accessory,hands,0.1,,accessories,"Gloves Gems",497
acc_hands_gloves_keys_01,acc_hands,1,accessory,hands,0.12,,accessories,"Gloves Keys",490
acc_hands_gloves_lock_01,acc_hands,1,accessory,hands,0.12,,accessories,"Gloves Lock",502
acc_hands_gloves_clock_01,acc_hands,1,accessory,hands,0.12,,accessories,"Gloves Clock",498
acc_hands_gloves_compass_01,acc_hands,1,accessory,hands,0.12,,accessories,"Gloves Compass",500
acc_hands_gloves_magnet_01,acc_hands,1,accessory,hands,0.12,,accessories,"Gloves Magnet",504
acc_hands_gloves_battery_01,acc_hands,1,accessory,hands,0.12,,accessories,"Gloves Battery",497
acc_hands_gloves_bulb_01,acc_hands,1,accessory,hands,0.12,,accessories,"Gloves Bulb",498
acc_hands_gloves_plug_01,acc_hands,1,accessory,hands,0.12,,accessories,"Gloves Plug",496
acc_hands_gloves_wifi_01,acc_hands,1,accessory,hands,0.12,,accessories,"Gloves Wifi",504
acc_hands_gloves_heart_01,acc_hands,1,accessory,hands,0.1,,accessories,"Gloves Heart",492
acc_hands_gloves_star_01,acc_hands,1,accessory,hands,0.1,,accessories,"Gloves Star",493
acc_hands_gloves_moon_01,acc_hands,1,accessory,hands,0.1,,accessories,"Gloves Moon",493
acc_hands_gloves_sun_01,acc_hands,1,accessory,hands,0.1,,accessories,"Gloves Sun",493
acc_hands_gloves_cloud_01,acc_hands,1,accessory,hands,0.1,,accessories,"Gloves Cloud",491
acc_hands_gloves_rainbow_01,acc_hands,1,accessory,hands,0.12,,accessories,"Gloves Rainbow",499
acc_hands_gloves_lightning_01,acc_hands,1,accessory,hands,0.12,,accessories,"Gloves Lightning",512
acc_hands_gloves_snow_01,acc_hands,1,accessory,hands,0.1,,accessories,"Gloves Snow",503
acc_hands_gloves_leaf_01,acc_hands,1,accessory,hands,0.1,,accessories,"Gloves Leaf",492
acc_hands_gloves_shell_01,acc_hands,1,accessory,hands,0.1,,accessories,"Gloves Shell",492
acc_hands_gloves_feather_01,acc_hands,1,accessory,hands,0.12,,accessories,"Gloves Feather",495
acc_hands_gloves_bone_01,acc_hands,1,accessory,hands,0.1,,accessories,"Gloves Bone",492
acc_hands_gloves_skull_cute_01,acc_hands,1,accessory,hands,0.1,,accessories,"Gloves Skull Cute",503
acc_hands_gloves_ghost_01,acc_hands,1,accessory,hands,0.1,,accessories,"Gloves Ghost",492
acc_hands_gloves_pumpkin_01,acc_hands,1,accessory,hands,0.1,,accessories,"Gloves Pumpkin",501
acc_hands_gloves_bat_01,acc_hands,1,accessory,hands,0.1,,accessories,"Gloves Bat",497
acc_hands_gloves_spider_01,acc_hands,1,accessory,hands,0.1,,accessories,"Gloves Spider",502
acc_hands_gloves_alien_01,acc_hands,1,accessory,hands,0.1,,accessories,"Gloves Alien",497
acc_hands_gloves_robot_01,acc_hands,1,accessory,hands,0.1,,accessories,"Gloves Robot",497
acc_hands_gloves_ufo_01,acc_hands,1,accessory,hands,0.1,,accessories,"Gloves Ufo",502
acc_hands_gloves_rocket_01,acc_hands,1,accessory,hands,0.14,,accessories,"Gloves Rocket",498
acc_hands_gloves_planet_01,acc_hands,1,accessory,hands,0.1,,accessories,"Gloves Planet",498
acc_hands_gloves_pudgy_01,acc_hands,1,accessory,hands,0.1,,accessories,"Gloves Pudgy",507
acc_hands_gloves_nest_01,acc_hands,1,accessory,hands,0.1,,accessories,"Gloves Nest",502
acc_hands_gloves_hype_01,acc_hands,1,accessory,hands,0.1,,accessories,"Gloves Hype",512
acc_hands_gloves_boing_01,acc_hands,1,accessory,hands,0.1,,accessories,"Gloves Boing",497
env_nest_lamp_01,nest,2,env,,2.2,,nest,"env_nest_lamp_01",553
env_nest_lamp_teal_01,nest,2,env,,2.2,,nest,"env_nest_lamp_teal_01",524
env_nest_lamp_short_01,nest,2,env,,1.0,,nest,"env_nest_lamp_short_01",534
env_nest_fountain_01,nest,2,env,,2.5,,nest,"env_nest_fountain_01",548
env_nest_arch_01,nest,2,env,,3.0,,nest,"env_nest_arch_01",549
env_nest_arch_race_01,nest,2,env,,3.0,,nest,"env_nest_arch_race_01",523
env_nest_arch_vibe_01,nest,2,env,,3.0,,nest,"env_nest_arch_vibe_01",518
env_nest_arch_shooter_01,nest,2,env,,3.0,,nest,"env_nest_arch_shooter_01",512
env_nest_sign_blank_01,nest,2,env,,1.8,,nest,"env_nest_sign_blank_01",550
env_nest_sign_arrow_01,nest,2,env,,1.5,,nest,"env_nest_sign_arrow_01",520
env_nest_sign_map_01,nest,2,env,,2.0,,nest,"env_nest_sign_map_01",518
env_nest_booth_shop_01,nest,2,env,,2.4,,nest,"env_nest_booth_shop_01",544
env_nest_booth_dj_01,nest,2,env,,1.8,,nest,"env_nest_booth_dj_01",533
env_nest_booth_photo_01,nest,2,env,,2.2,,nest,"env_nest_booth_photo_01",528
env_nest_booth_claim_01,nest,2,env,,2.0,,nest,"env_nest_booth_claim_01",534
env_nest_booth_maps_01,nest,2,env,,1.8,,nest,"env_nest_booth_maps_01",531
env_nest_podium_01,nest,2,env,,1.2,,nest,"env_nest_podium_01",549
env_nest_podium_single_01,nest,2,env,,0.3,2.0,nest,"env_nest_podium_single_01",540
env_nest_bench_long_01,nest,2,env,,0.6,,nest,"env_nest_bench_long_01",526
env_nest_bench_curve_01,nest,2,env,,0.6,,nest,"env_nest_bench_curve_01",499
env_nest_bench_heart_01,nest,2,env,,0.7,,nest,"env_nest_bench_heart_01",510
env_nest_chair_01,nest,2,env,,0.8,,nest,"env_nest_chair_01",507
env_nest_table_01,nest,2,env,,0.8,,nest,"env_nest_table_01",500
env_nest_umbrella_01,nest,2,env,,2.5,,nest,"env_nest_umbrella_01",519
env_nest_planter_01,nest,2,env,,0.9,,nest,"env_nest_planter_01",522
env_nest_planter_large_01,nest,2,env,,1.6,,nest,"env_nest_planter_large_01",524
env_nest_hedge_01,nest,2,env,,1.2,,nest,"env_nest_hedge_01",516
env_nest_hedge_arch_01,nest,2,env,,2.5,,nest,"env_nest_hedge_arch_01",495
env_nest_fence_01,nest,2,env,,1.0,,nest,"env_nest_fence_01",503
env_nest_fence_gate_01,nest,2,env,,1.2,,nest,"env_nest_fence_gate_01",499
env_nest_balloon_arch_01,nest,2,env,,3.0,,nest,"env_nest_balloon_arch_01",514
env_nest_balloon_cluster_01,nest,2,env,,1.8,,nest,"env_nest_balloon_cluster_01",515
env_nest_banner_pole_01,nest,2,env,,2.5,,nest,"env_nest_banner_pole_01",516
env_nest_flag_race_01,nest,2,env,,2.5,,nest,"env_nest_flag_race_01",516
env_nest_flag_vibe_01,nest,2,env,,2.5,,nest,"env_nest_flag_vibe_01",508
env_nest_flag_shooter_01,nest,2,env,,2.5,,nest,"env_nest_flag_shooter_01",507
env_nest_flag_party_01,nest,2,env,,2.5,,nest,"env_nest_flag_party_01",508
env_nest_speaker_01,nest,2,env,,1.6,,nest,"env_nest_speaker_01",511
env_nest_jukebox_01,nest,2,env,,1.5,,nest,"env_nest_jukebox_01",512
env_nest_disco_01,nest,2,env,,1.8,,nest,"env_nest_disco_01",525
env_nest_confetti_cannon_01,nest,2,env,,1.4,,nest,"env_nest_confetti_cannon_01",517
env_nest_spotlight_01,nest,2,env,,2.0,,nest,"env_nest_spotlight_01",506
env_nest_stage_01,nest,2,env,,0.5,4.0,nest,"env_nest_stage_01",553
env_nest_rug_01,nest,2,env,,0.05,3.0,nest,"env_nest_rug_01",547
env_nest_tile_01,nest,2,env,,0.08,2.0,nest,"env_nest_tile_01",545
env_nest_path_01,nest,2,env,,0.1,3.0,nest,"env_nest_path_01",531
env_nest_bridge_01,nest,2,env,,1.5,,nest,"env_nest_bridge_01",519
env_nest_stairs_01,nest,2,env,,1.2,,nest,"env_nest_stairs_01",517
env_nest_ramp_plaza_01,nest,2,env,,0.8,,nest,"env_nest_ramp_plaza_01",511
env_nest_portal_01,nest,2,env,,2.8,,nest,"env_nest_portal_01",533
env_nest_portal_race_01,nest,2,env,,2.8,,nest,"env_nest_portal_race_01",505
env_nest_portal_vibe_01,nest,2,env,,2.8,,nest,"env_nest_portal_vibe_01",514
env_nest_portal_shooter_01,nest,2,env,,2.8,,nest,"env_nest_portal_shooter_01",508
env_nest_egg_gold_01,nest,2,env,,2.0,,nest,"env_nest_egg_gold_01",544
env_nest_egg_teal_01,nest,2,env,,2.0,,nest,"env_nest_egg_teal_01",522
env_nest_egg_rainbow_01,nest,2,env,,2.0,,nest,"env_nest_egg_rainbow_01",514
env_nest_egg_mini_01,nest,2,env,,0.6,,nest,"env_nest_egg_mini_01",522
env_nest_statue_pudgy_01,nest,2,env,,2.2,,nest,"env_nest_statue_pudgy_01",569
env_nest_statue_star_01,nest,2,env,,2.0,,nest,"env_nest_statue_star_01",520
env_nest_statue_orb_01,nest,2,env,,1.8,,nest,"env_nest_statue_orb_01",514
env_nest_clock_01,nest,2,env,,3.5,,nest,"env_nest_clock_01",522
env_nest_well_01,nest,2,env,,1.4,,nest,"env_nest_well_01",522
env_nest_mailbox_01,nest,2,env,,1.3,,nest,"env_nest_mailbox_01",500
env_nest_bin_01,nest,2,env,,1.0,,nest,"env_nest_bin_01",514
env_nest_hydrant_01,nest,2,env,,0.9,,nest,"env_nest_hydrant_01",504
env_nest_vendor_cart_01,nest,2,env,,1.6,,nest,"env_nest_vendor_cart_01",511
env_nest_ice_cream_cart_01,nest,2,env,,1.6,,nest,"env_nest_ice_cream_cart_01",501
env_nest_balloon_cart_01,nest,2,env,,1.6,,nest,"env_nest_balloon_cart_01",504
env_nest_ticket_booth_01,nest,2,env,,2.2,,nest,"env_nest_ticket_booth_01",513
env_nest_info_kiosk_01,nest,2,env,,1.8,,nest,"env_nest_info_kiosk_01",520
env_nest_wardrobe_01,nest,2,env,,2.0,,nest,"env_nest_wardrobe_01",516
env_nest_mirror_01,nest,2,env,,1.8,,nest,"env_nest_mirror_01",514
env_nest_maniquin_stand_01,nest,2,env,,1.4,,nest,"env_nest_maniquin_stand_01",542
env_nest_shelf_01,nest,2,env,,1.6,,nest,"env_nest_shelf_01",501
env_nest_crate_deco_01,nest,2,env,,0.8,,nest,"env_nest_crate_deco_01",504
env_nest_barrel_deco_01,nest,2,env,,1.0,,nest,"env_nest_barrel_deco_01",510
env_nest_chest_01,nest,2,env,,0.9,,nest,"env_nest_chest_01",507
env_nest_safe_01,nest,2,env,,1.0,,nest,"env_nest_safe_01",498
env_nest_piggy_01,nest,2,env,,1.2,,nest,"env_nest_piggy_01",507
env_nest_atm_01,nest,2,env,,1.8,,nest,"env_nest_atm_01",515
env_nest_leaderboard_01,nest,2,env,,2.2,,nest,"env_nest_leaderboard_01",515
env_nest_challenge_board_01,nest,2,env,,2.0,,nest,"env_nest_challenge_board_01",511
env_nest_calendar_01,nest,2,env,,1.8,,nest,"env_nest_calendar_01",514
env_nest_tree_candy_01,nest,2,env,,3.5,,nest,"env_nest_tree_candy_01",523
env_nest_tree_cloud_01,nest,2,env,,3.2,,nest,"env_nest_tree_cloud_01",503
env_nest_tree_crystal_01,nest,2,env,,3.2,,nest,"env_nest_tree_crystal_01",519
env_nest_tree_candy_pink_01,nest,2,env,,3.5,,nest,"env_nest_tree_candy_pink_01",498
env_nest_rock_soft_01,nest,2,env,,1.2,,nest,"env_nest_rock_soft_01",508
env_nest_rock_cluster_01,nest,2,env,,1.0,,nest,"env_nest_rock_cluster_01",501
env_nest_pond_01,nest,2,env,,0.2,4.0,nest,"env_nest_pond_01",551
env_nest_lily_01,nest,2,env,,0.15,1.5,nest,"env_nest_lily_01",526
env_nest_mushroom_ring_01,nest,2,env,,0.8,,nest,"env_nest_mushroom_ring_01",522
env_nest_flower_bed_01,nest,2,env,,0.5,2.5,nest,"env_nest_flower_bed_01",536
env_nest_grass_tuft_01,nest,2,env,,0.4,,nest,"env_nest_grass_tuft_01",498
env_nest_bush_01,nest,2,env,,1.0,,nest,"env_nest_bush_01",492
env_nest_bush_flower_01,nest,2,env,,1.1,,nest,"env_nest_bush_flower_01",500
env_nest_vine_post_01,nest,2,env,,2.0,,nest,"env_nest_vine_post_01",504
env_nest_string_lights_01,nest,2,env,,2.5,,nest,"env_nest_string_lights_01",519
env_nest_lantern_row_01,nest,2,env,,1.2,,nest,"env_nest_lantern_row_01",516
env_nest_candle_cluster_01,nest,2,env,,0.6,,nest,"env_nest_candle_cluster_01",537
env_nest_campfire_cute_01,nest,2,env,,0.8,,nest,"env_nest_campfire_cute_01",550
env_nest_picnic_01,nest,2,env,,0.2,2.5,nest,"env_nest_picnic_01",534
env_nest_hammock_01,nest,2,env,,1.4,,nest,"env_nest_hammock_01",509
env_nest_swing_01,nest,2,env,,2.2,,nest,"env_nest_swing_01",508
env_nest_seesaw_01,nest,2,env,,1.0,,nest,"env_nest_seesaw_01",494
env_nest_slide_01,nest,2,env,,2.0,,nest,"env_nest_slide_01",504
env_nest_climber_01,nest,2,env,,1.8,,nest,"env_nest_climber_01",501
env_nest_sandbox_01,nest,2,env,,0.4,3.0,nest,"env_nest_sandbox_01",535
env_nest_pool_kiddie_01,nest,2,env,,0.4,3.0,nest,"env_nest_pool_kiddie_01",522
env_nest_trampoline_01,nest,2,env,,0.6,2.5,nest,"env_nest_trampoline_01",518
env_nest_bounce_castle_01,nest,2,env,,2.5,,nest,"env_nest_bounce_castle_01",516
env_nest_carousel_01,nest,2,env,,2.2,,nest,"env_nest_carousel_01",506
env_nest_ferris_mini_01,nest,2,env,,3.0,,nest,"env_nest_ferris_mini_01",505
env_nest_wheel_fortune_01,nest,2,env,,2.2,,nest,"env_nest_wheel_fortune_01",516
env_nest_claw_machine_01,nest,2,env,,2.0,,nest,"env_nest_claw_machine_01",524
env_nest_arcade_cabinet_01,nest,2,env,,1.8,,nest,"env_nest_arcade_cabinet_01",515
env_nest_air_hockey_01,nest,2,env,,0.9,,nest,"env_nest_air_hockey_01",503
env_nest_pingpong_01,nest,2,env,,0.8,,nest,"env_nest_pingpong_01",502
env_nest_foosball_01,nest,2,env,,0.9,,nest,"env_nest_foosball_01",502
env_nest_pool_table_01,nest,2,env,,0.9,,nest,"env_nest_pool_table_01",509
env_nest_bowling_01,nest,2,env,,0.4,4.0,nest,"env_nest_bowling_01",533
env_nest_skeeball_01,nest,2,env,,1.6,,nest,"env_nest_skeeball_01",505
env_nest_basketball_01,nest,2,env,,2.5,,nest,"env_nest_basketball_01",512
env_nest_soccer_goal_01,nest,2,env,,1.5,,nest,"env_nest_soccer_goal_01",498
env_nest_scoreboard_01,nest,2,env,,2.0,,nest,"env_nest_scoreboard_01",506
env_nest_camera_crane_01,nest,2,env,,2.5,,nest,"env_nest_camera_crane_01",503
env_nest_drone_stand_01,nest,2,env,,0.8,,nest,"env_nest_drone_stand_01",512
env_nest_satellite_01,nest,2,env,,1.8,,nest,"env_nest_satellite_01",512
env_nest_weather_01,nest,2,env,,2.0,,nest,"env_nest_weather_01",504
env_nest_wind_sock_01,nest,2,env,,2.2,,nest,"env_nest_wind_sock_01",505
env_nest_telescope_01,nest,2,env,,1.6,,nest,"env_nest_telescope_01",503
env_nest_observatory_01,nest,2,env,,2.5,,nest,"env_nest_observatory_01",508
env_nest_planetarium_01,nest,2,env,,2.0,,nest,"env_nest_planetarium_01",520
env_nest_globe_01,nest,2,env,,1.5,,nest,"env_nest_globe_01",502
env_nest_library_cart_01,nest,2,env,,1.4,,nest,"env_nest_library_cart_01",510
env_nest_art_easel_01,nest,2,env,,1.8,,nest,"env_nest_art_easel_01",520
env_nest_pottery_01,nest,2,env,,1.0,,nest,"env_nest_pottery_01",505
env_nest_loom_01,nest,2,env,,1.4,,nest,"env_nest_loom_01",503
env_nest_sewing_01,nest,2,env,,1.0,,nest,"env_nest_sewing_01",512
env_nest_kitchen_01,nest,2,env,,1.4,,nest,"env_nest_kitchen_01",501
env_nest_fridge_01,nest,2,env,,1.8,,nest,"env_nest_fridge_01",497
env_nest_oven_01,nest,2,env,,1.2,,nest,"env_nest_oven_01",496
env_nest_sink_01,nest,2,env,,1.0,,nest,"env_nest_sink_01",495
env_nest_bed_01,nest,2,env,,0.7,,nest,"env_nest_bed_01",505
env_nest_pillow_pile_01,nest,2,env,,0.6,,nest,"env_nest_pillow_pile_01",500
env_nest_closet_01,nest,2,env,,2.0,,nest,"env_nest_closet_01",502
env_nest_dresser_01,nest,2,env,,1.2,,nest,"env_nest_dresser_01",495
env_nest_vanity_01,nest,2,env,,1.3,,nest,"env_nest_vanity_01",503
env_nest_rug_race_01,nest,2,env,,0.05,3.0,nest,"env_nest_rug_race_01",536
env_nest_rug_vibe_01,nest,2,env,,0.05,3.0,nest,"env_nest_rug_vibe_01",537
env_nest_rug_shooter_01,nest,2,env,,0.05,3.0,nest,"env_nest_rug_shooter_01",531
env_nest_rug_party_01,nest,2,env,,0.05,3.0,nest,"env_nest_rug_party_01",530
env_pad_spectate_01,nest,2,env,,0.15,2.5,nest,"env_pad_spectate_01",591
env_pad_create_01,nest,2,env,,0.15,2.5,nest,"env_pad_create_01",588
env_pad_claim_01,nest,2,env,,0.15,2.5,nest,"env_pad_claim_01",588
env_pad_wardrobe_01,nest,2,env,,0.15,2.5,nest,"env_pad_wardrobe_01",590
env_pad_photo_01,nest,2,env,,0.15,2.5,nest,"env_pad_photo_01",586
env_pad_vip_01,nest,2,env,,0.15,2.5,nest,"env_pad_vip_01",586
env_nest_planter_02,nest,2,env,,1.1,,nest,"env_nest_planter_02",576
env_nest_planter_03,nest,2,env,,1.2000000000000002,,nest,"env_nest_planter_03",591
env_nest_planter_04,nest,2,env,,1.3,,nest,"env_nest_planter_04",576
env_nest_planter_05,nest,2,env,,0.9,,nest,"env_nest_planter_05",576
env_nest_planter_06,nest,2,env,,1.0,,nest,"env_nest_planter_06",576
env_nest_planter_07,nest,2,env,,1.1,,nest,"env_nest_planter_07",576
env_nest_planter_08,nest,2,env,,1.2000000000000002,,nest,"env_nest_planter_08",591
env_nest_planter_09,nest,2,env,,1.3,,nest,"env_nest_planter_09",576
env_nest_planter_10,nest,2,env,,0.9,,nest,"env_nest_planter_10",577
env_nest_planter_11,nest,2,env,,1.0,,nest,"env_nest_planter_11",577
env_nest_planter_12,nest,2,env,,1.1,,nest,"env_nest_planter_12",577
env_nest_planter_13,nest,2,env,,1.2000000000000002,,nest,"env_nest_planter_13",592
env_nest_planter_14,nest,2,env,,1.3,,nest,"env_nest_planter_14",577
env_nest_planter_15,nest,2,env,,0.9,,nest,"env_nest_planter_15",577
env_nest_planter_16,nest,2,env,,1.0,,nest,"env_nest_planter_16",577
env_nest_planter_17,nest,2,env,,1.1,,nest,"env_nest_planter_17",577
env_nest_planter_18,nest,2,env,,1.2000000000000002,,nest,"env_nest_planter_18",592
env_nest_planter_19,nest,2,env,,1.3,,nest,"env_nest_planter_19",577
env_nest_planter_20,nest,2,env,,0.9,,nest,"env_nest_planter_20",577
env_nest_bush_02,nest,2,env,,1.2,,nest,"env_nest_bush_02",545
env_nest_bush_03,nest,2,env,,1.35,,nest,"env_nest_bush_03",546
env_nest_bush_04,nest,2,env,,0.9,,nest,"env_nest_bush_04",545
env_nest_bush_05,nest,2,env,,1.05,,nest,"env_nest_bush_05",546
env_nest_bush_06,nest,2,env,,1.2,,nest,"env_nest_bush_06",545
env_nest_bush_07,nest,2,env,,1.35,,nest,"env_nest_bush_07",546
env_nest_bush_08,nest,2,env,,0.9,,nest,"env_nest_bush_08",545
env_nest_bush_09,nest,2,env,,1.05,,nest,"env_nest_bush_09",546
env_nest_bush_10,nest,2,env,,1.2,,nest,"env_nest_bush_10",546
env_nest_bush_11,nest,2,env,,1.35,,nest,"env_nest_bush_11",547
env_nest_bush_12,nest,2,env,,0.9,,nest,"env_nest_bush_12",546
env_nest_bush_13,nest,2,env,,1.05,,nest,"env_nest_bush_13",547
env_nest_bush_14,nest,2,env,,1.2,,nest,"env_nest_bush_14",546
env_nest_bush_15,nest,2,env,,1.35,,nest,"env_nest_bush_15",547
env_nest_lamp_02,nest,2,env,,2.1,,nest,"env_nest_lamp_02",554
env_nest_lamp_03,nest,2,env,,2.25,,nest,"env_nest_lamp_03",555
env_nest_lamp_04,nest,2,env,,2.4,,nest,"env_nest_lamp_04",554
env_nest_lamp_05,nest,2,env,,1.8,,nest,"env_nest_lamp_05",554
env_nest_lamp_06,nest,2,env,,1.95,,nest,"env_nest_lamp_06",555
env_nest_lamp_07,nest,2,env,,2.1,,nest,"env_nest_lamp_07",554
env_nest_lamp_08,nest,2,env,,2.25,,nest,"env_nest_lamp_08",555
env_nest_lamp_09,nest,2,env,,2.4,,nest,"env_nest_lamp_09",554
env_nest_lamp_10,nest,2,env,,1.8,,nest,"env_nest_lamp_10",555
env_nest_lamp_11,nest,2,env,,1.95,,nest,"env_nest_lamp_11",556
env_nest_lamp_12,nest,2,env,,2.1,,nest,"env_nest_lamp_12",555
env_nest_lamp_13,nest,2,env,,2.25,,nest,"env_nest_lamp_13",556
env_nest_lamp_14,nest,2,env,,2.4,,nest,"env_nest_lamp_14",555
env_nest_lamp_15,nest,2,env,,1.8,,nest,"env_nest_lamp_15",555
env_nest_crate_02,nest,2,env,,0.8999999999999999,,nest,"env_nest_crate_02",574
env_nest_crate_03,nest,2,env,,1.0499999999999998,,nest,"env_nest_crate_03",574
env_nest_crate_04,nest,2,env,,0.6,,nest,"env_nest_crate_04",559
env_nest_crate_05,nest,2,env,,0.75,,nest,"env_nest_crate_05",560
env_nest_crate_06,nest,2,env,,0.8999999999999999,,nest,"env_nest_crate_06",574
env_nest_crate_07,nest,2,env,,1.0499999999999998,,nest,"env_nest_crate_07",574
env_nest_crate_08,nest,2,env,,0.6,,nest,"env_nest_crate_08",559
env_nest_crate_09,nest,2,env,,0.75,,nest,"env_nest_crate_09",560
env_nest_crate_10,nest,2,env,,0.8999999999999999,,nest,"env_nest_crate_10",575
env_nest_crate_11,nest,2,env,,1.0499999999999998,,nest,"env_nest_crate_11",575
env_nest_crate_12,nest,2,env,,0.6,,nest,"env_nest_crate_12",560
prop_race_checkpoint_tall_01,race,3,prop,,2.8,,race,"prop_race_checkpoint_tall_01",534
prop_race_checkpoint_wide_01,race,3,prop,,2.0,,race,"prop_race_checkpoint_wide_01",520
prop_race_checkpoint_ring_01,race,3,prop,,2.2,,race,"prop_race_checkpoint_ring_01",527
prop_race_checkpoint_hex_01,race,3,prop,,2.0,,race,"prop_race_checkpoint_hex_01",501
prop_race_start_gate_01,race,3,prop,,2.2,,race,"prop_race_start_gate_01",515
prop_race_finish_gate_01,race,3,prop,,2.2,,race,"prop_race_finish_gate_01",515
prop_race_cone_tall_01,race,3,prop,,1.0,,race,"prop_race_cone_tall_01",506
prop_race_cone_mini_01,race,3,prop,,0.4,,race,"prop_race_cone_mini_01",499
prop_race_cone_stripe_01,race,3,prop,,0.7,,race,"prop_race_cone_stripe_01",515
prop_race_barrier_01,race,3,prop,,1.0,,race,"prop_race_barrier_01",502
prop_race_barrier_curve_01,race,3,prop,,1.0,,race,"prop_race_barrier_curve_01",502
prop_race_barrier_low_01,race,3,prop,,0.4,,race,"prop_race_barrier_low_01",504
prop_race_wall_01,race,3,prop,,2.0,,race,"prop_race_wall_01",515
prop_race_wall_boost_01,race,3,prop,,2.0,,race,"prop_race_wall_boost_01",516
prop_race_billboard_01,race,3,prop,,2.5,,race,"prop_race_billboard_01",517
prop_race_billboard_wide_01,race,3,prop,,2.2,,race,"prop_race_billboard_wide_01",508
prop_race_arrow_01,race,3,prop,,1.2,,race,"prop_race_arrow_01",516
prop_race_arrow_left_01,race,3,prop,,1.2,,race,"prop_race_arrow_left_01",508
prop_race_arrow_right_01,race,3,prop,,1.2,,race,"prop_race_arrow_right_01",509
prop_race_arrow_up_01,race,3,prop,,1.2,,race,"prop_race_arrow_up_01",507
env_race_ramp_steep_01,race,3,env,,1.8,,race,"env_race_ramp_steep_01",507
env_race_ramp_wide_01,race,3,env,,1.2,,race,"env_race_ramp_wide_01",496
env_race_ramp_curve_01,race,3,env,,1.2,,race,"env_race_ramp_curve_01",498
env_race_ramp_long_01,race,3,env,,1.0,,race,"env_race_ramp_long_01",497
env_race_boost_pad_01,race,3,env,,0.1,2.0,race,"env_race_boost_pad_01",561
env_race_boost_pad_cyan_01,race,3,env,,0.1,2.0,race,"env_race_boost_pad_cyan_01",551
env_race_slow_pad_01,race,3,env,,0.1,2.0,race,"env_race_slow_pad_01",554
env_race_jump_pad_01,race,3,env,,0.4,2.0,race,"env_race_jump_pad_01",540
env_race_bridge_01,race,3,env,,2.0,,race,"env_race_bridge_01",509
env_race_bridge_arch_01,race,3,env,,2.5,,race,"env_race_bridge_arch_01",500
env_race_tunnel_01,race,3,env,,2.5,,race,"env_race_tunnel_01",516
env_race_tunnel_stripe_01,race,3,env,,2.5,,race,"env_race_tunnel_stripe_01",510
env_race_loop_quarter_01,race,3,env,,3.0,,race,"env_race_loop_quarter_01",524
env_race_track_straight_01,race,3,env,,0.2,4.0,race,"env_race_track_straight_01",555
env_race_track_curve_01,race,3,env,,0.2,4.0,race,"env_race_track_curve_01",527
env_race_track_s_01,race,3,env,,0.2,4.0,race,"env_race_track_s_01",528
env_race_track_wide_01,race,3,env,,0.2,5.0,race,"env_race_track_wide_01",525
env_race_tire_stack_01,race,3,env,,1.5,,race,"env_race_tire_stack_01",542
env_race_tire_single_01,race,3,env,,0.8,,race,"env_race_tire_single_01",514
env_race_hay_soft_01,race,3,env,,1.0,,race,"env_race_hay_soft_01",540
env_race_water_hazard_01,race,3,env,,0.15,3.0,race,"env_race_water_hazard_01",534
env_race_oil_cute_01,race,3,env,,0.08,2.5,race,"env_race_oil_cute_01",550
env_race_mud_cute_01,race,3,env,,0.1,2.5,race,"env_race_mud_cute_01",555
prop_race_banner_start_01,race,3,prop,,1.5,,race,"prop_race_banner_start_01",509
prop_race_banner_lap_01,race,3,prop,,1.5,,race,"prop_race_banner_lap_01",508
prop_race_banner_final_01,race,3,prop,,1.5,,race,"prop_race_banner_final_01",513
prop_race_flag_check_01,race,3,prop,,2.0,,race,"prop_race_flag_check_01",504
prop_race_flag_green_01,race,3,prop,,2.0,,race,"prop_race_flag_green_01",506
prop_race_flag_yellow_01,race,3,prop,,2.0,,race,"prop_race_flag_yellow_01",511
prop_race_flag_red_01,race,3,prop,,2.0,,race,"prop_race_flag_red_01",516
prop_race_podium_01,race,3,prop,,1.2,,race,"prop_race_podium_01",522
prop_race_trophy_01,race,3,prop,,0.8,,race,"prop_race_trophy_01",496
prop_race_trophy_grand_01,race,3,prop,,1.2,,race,"prop_race_trophy_grand_01",512
prop_race_medal_stand_01,race,3,prop,,1.4,,race,"prop_race_medal_stand_01",524
prop_race_timer_01,race,3,prop,,1.6,,race,"prop_race_timer_01",507
prop_race_leaderboard_01,race,3,prop,,2.0,,race,"prop_race_leaderboard_01",504
prop_race_camera_01,race,3,prop,,1.5,,race,"prop_race_camera_01",512
prop_race_drone_01,race,3,prop,,0.5,,race,"prop_race_drone_01",512
prop_race_light_tree_01,race,3,prop,,2.2,,race,"prop_race_light_tree_01",527
prop_race_pit_sign_01,race,3,prop,,1.8,,race,"prop_race_pit_sign_01",502
prop_race_pit_box_01,race,3,prop,,2.0,,race,"prop_race_pit_box_01",501
prop_race_fuel_cute_01,race,3,prop,,0.7,,race,"prop_race_fuel_cute_01",513
prop_race_wrench_cute_01,race,3,prop,,0.8,,race,"prop_race_wrench_cute_01",514
prop_race_jack_cute_01,race,3,prop,,0.6,,race,"prop_race_jack_cute_01",500
prop_race_cone_row_01,race,3,prop,,0.7,,race,"prop_race_cone_row_01",528
prop_race_barrier_row_01,race,3,prop,,1.0,,race,"prop_race_barrier_row_01",524
prop_race_grandstand_01,race,3,prop,,2.5,,race,"prop_race_grandstand_01",511
prop_race_grandstand_small_01,race,3,prop,,1.5,,race,"prop_race_grandstand_small_01",502
prop_race_umbrella_table_01,race,3,prop,,2.2,,race,"prop_race_umbrella_table_01",519
prop_race_cooler_01,race,3,prop,,0.8,,race,"prop_race_cooler_01",499
prop_race_speaker_01,race,3,prop,,1.8,,race,"prop_race_speaker_01",509
prop_race_confetti_01,race,3,prop,,1.2,,race,"prop_race_confetti_01",508
env_race_stripe_decal_01,race,3,env,,0.05,3.0,race,"env_race_stripe_decal_01",557
env_race_grid_01,race,3,env,,0.05,4.0,race,"env_race_grid_01",553
env_race_finish_line_01,race,3,env,,0.05,4.0,race,"env_race_finish_line_01",555
env_race_number_pad_01,race,3,env,,0.05,1.5,race,"env_race_number_pad_01",571
prop_race_cone_02,race,3,prop,,0.66,,race,"prop_race_cone_02",567
prop_race_cone_03,race,3,prop,,0.74,,race,"prop_race_cone_03",567
prop_race_cone_04,race,3,prop,,0.8200000000000001,,race,"prop_race_cone_04",581
prop_race_cone_05,race,3,prop,,0.9,,race,"prop_race_cone_05",566
prop_race_cone_06,race,3,prop,,0.5,,race,"prop_race_cone_06",566
prop_race_cone_07,race,3,prop,,0.58,,race,"prop_race_cone_07",567
prop_race_cone_08,race,3,prop,,0.66,,race,"prop_race_cone_08",567
prop_race_cone_09,race,3,prop,,0.74,,race,"prop_race_cone_09",567
prop_race_cone_10,race,3,prop,,0.8200000000000001,,race,"prop_race_cone_10",582
prop_race_cone_11,race,3,prop,,0.9,,race,"prop_race_cone_11",567
prop_race_cone_12,race,3,prop,,0.5,,race,"prop_race_cone_12",567
prop_race_cone_13,race,3,prop,,0.58,,race,"prop_race_cone_13",568
prop_race_cone_14,race,3,prop,,0.66,,race,"prop_race_cone_14",568
prop_race_cone_15,race,3,prop,,0.74,,race,"prop_race_cone_15",568
prop_race_cone_16,race,3,prop,,0.8200000000000001,,race,"prop_race_cone_16",582
prop_race_cone_17,race,3,prop,,0.9,,race,"prop_race_cone_17",567
prop_race_cone_18,race,3,prop,,0.5,,race,"prop_race_cone_18",567
prop_race_cone_19,race,3,prop,,0.58,,race,"prop_race_cone_19",568
prop_race_cone_20,race,3,prop,,0.66,,race,"prop_race_cone_20",568
prop_race_cone_21,race,3,prop,,0.74,,race,"prop_race_cone_21",568
prop_race_cone_22,race,3,prop,,0.8200000000000001,,race,"prop_race_cone_22",582
prop_race_cone_23,race,3,prop,,0.9,,race,"prop_race_cone_23",567
prop_race_cone_24,race,3,prop,,0.5,,race,"prop_race_cone_24",567
prop_race_cone_25,race,3,prop,,0.58,,race,"prop_race_cone_25",568
prop_race_cone_26,race,3,prop,,0.66,,race,"prop_race_cone_26",568
prop_race_cone_27,race,3,prop,,0.74,,race,"prop_race_cone_27",568
prop_race_cone_28,race,3,prop,,0.8200000000000001,,race,"prop_race_cone_28",582
prop_race_cone_29,race,3,prop,,0.9,,race,"prop_race_cone_29",567
prop_race_cone_30,race,3,prop,,0.5,,race,"prop_race_cone_30",567
prop_race_barrier_02,race,3,prop,,1.0,,race,"prop_race_barrier_02",530
prop_race_barrier_03,race,3,prop,,1.1,,race,"prop_race_barrier_03",530
prop_race_barrier_04,race,3,prop,,1.2000000000000002,,race,"prop_race_barrier_04",545
prop_race_barrier_05,race,3,prop,,0.8,,race,"prop_race_barrier_05",530
prop_race_barrier_06,race,3,prop,,0.9,,race,"prop_race_barrier_06",530
prop_race_barrier_07,race,3,prop,,1.0,,race,"prop_race_barrier_07",530
prop_race_barrier_08,race,3,prop,,1.1,,race,"prop_race_barrier_08",530
prop_race_barrier_09,race,3,prop,,1.2000000000000002,,race,"prop_race_barrier_09",545
prop_race_barrier_10,race,3,prop,,0.8,,race,"prop_race_barrier_10",531
prop_race_barrier_11,race,3,prop,,0.9,,race,"prop_race_barrier_11",531
prop_race_barrier_12,race,3,prop,,1.0,,race,"prop_race_barrier_12",531
prop_race_barrier_13,race,3,prop,,1.1,,race,"prop_race_barrier_13",531
prop_race_barrier_14,race,3,prop,,1.2000000000000002,,race,"prop_race_barrier_14",546
prop_race_barrier_15,race,3,prop,,0.8,,race,"prop_race_barrier_15",531
prop_race_barrier_16,race,3,prop,,0.9,,race,"prop_race_barrier_16",531
prop_race_barrier_17,race,3,prop,,1.0,,race,"prop_race_barrier_17",531
prop_race_barrier_18,race,3,prop,,1.1,,race,"prop_race_barrier_18",531
prop_race_barrier_19,race,3,prop,,1.2000000000000002,,race,"prop_race_barrier_19",546
prop_race_barrier_20,race,3,prop,,0.8,,race,"prop_race_barrier_20",531
env_race_ramp_02,race,3,env,,1.1,,race,"env_race_ramp_02",536
env_race_ramp_03,race,3,env,,1.25,,race,"env_race_ramp_03",537
env_race_ramp_04,race,3,env,,1.4,,race,"env_race_ramp_04",536
env_race_ramp_05,race,3,env,,1.55,,race,"env_race_ramp_05",537
env_race_ramp_06,race,3,env,,0.8,,race,"env_race_ramp_06",536
env_race_ramp_07,race,3,env,,0.9500000000000001,,race,"env_race_ramp_07",551
env_race_ramp_08,race,3,env,,1.1,,race,"env_race_ramp_08",536
env_race_ramp_09,race,3,env,,1.25,,race,"env_race_ramp_09",537
env_race_ramp_10,race,3,env,,1.4,,race,"env_race_ramp_10",537
env_race_ramp_11,race,3,env,,1.55,,race,"env_race_ramp_11",538
env_race_ramp_12,race,3,env,,0.8,,race,"env_race_ramp_12",537
env_race_ramp_13,race,3,env,,0.9500000000000001,,race,"env_race_ramp_13",552
env_race_ramp_14,race,3,env,,1.1,,race,"env_race_ramp_14",537
env_race_ramp_15,race,3,env,,1.25,,race,"env_race_ramp_15",538
prop_race_checkpoint_02,race,3,prop,,2.2,,race,"prop_race_checkpoint_02",544
prop_race_checkpoint_03,race,3,prop,,2.4000000000000004,,race,"prop_race_checkpoint_03",559
prop_race_checkpoint_04,race,3,prop,,2.6,,race,"prop_race_checkpoint_04",544
prop_race_checkpoint_05,race,3,prop,,1.8,,race,"prop_race_checkpoint_05",544
prop_race_checkpoint_06,race,3,prop,,2.0,,race,"prop_race_checkpoint_06",544
prop_race_checkpoint_07,race,3,prop,,2.2,,race,"prop_race_checkpoint_07",544
prop_race_checkpoint_08,race,3,prop,,2.4000000000000004,,race,"prop_race_checkpoint_08",559
prop_race_checkpoint_09,race,3,prop,,2.6,,race,"prop_race_checkpoint_09",544
prop_race_checkpoint_10,race,3,prop,,1.8,,race,"prop_race_checkpoint_10",545
prop_race_checkpoint_11,race,3,prop,,2.0,,race,"prop_race_checkpoint_11",545
prop_race_checkpoint_12,race,3,prop,,2.2,,race,"prop_race_checkpoint_12",545
prop_race_checkpoint_13,race,3,prop,,2.4000000000000004,,race,"prop_race_checkpoint_13",560
prop_race_checkpoint_14,race,3,prop,,2.6,,race,"prop_race_checkpoint_14",545
prop_race_checkpoint_15,race,3,prop,,1.8,,race,"prop_race_checkpoint_15",545
env_race_boost_pad_02,race,3,env,,0.1,2.0,race,"env_race_boost_pad_02",582
env_race_boost_pad_03,race,3,env,,0.1,2.0,race,"env_race_boost_pad_03",582
env_race_boost_pad_04,race,3,env,,0.1,2.0,race,"env_race_boost_pad_04",582
env_race_boost_pad_05,race,3,env,,0.1,2.0,race,"env_race_boost_pad_05",582
env_race_boost_pad_06,race,3,env,,0.1,2.0,race,"env_race_boost_pad_06",582
env_race_boost_pad_07,race,3,env,,0.1,2.0,race,"env_race_boost_pad_07",582
env_race_boost_pad_08,race,3,env,,0.1,2.0,race,"env_race_boost_pad_08",582
env_race_boost_pad_09,race,3,env,,0.1,2.0,race,"env_race_boost_pad_09",582
env_race_boost_pad_10,race,3,env,,0.1,2.0,race,"env_race_boost_pad_10",583
env_race_boost_pad_11,race,3,env,,0.1,2.0,race,"env_race_boost_pad_11",583
env_race_boost_pad_12,race,3,env,,0.1,2.0,race,"env_race_boost_pad_12",583
prop_vibe_orb_yellow_01,vibe,3,prop,,0.5,,vibe,"prop_vibe_orb_yellow_01",588
prop_vibe_orb_yellow_large_01,vibe,3,prop,,1.0,,vibe,"prop_vibe_orb_yellow_large_01",541
prop_vibe_orb_yellow_mini_01,vibe,3,prop,,0.25,,vibe,"prop_vibe_orb_yellow_mini_01",528
prop_vibe_orb_orange_01,vibe,3,prop,,0.5,,vibe,"prop_vibe_orb_orange_01",588
prop_vibe_orb_orange_large_01,vibe,3,prop,,1.0,,vibe,"prop_vibe_orb_orange_large_01",541
prop_vibe_orb_orange_mini_01,vibe,3,prop,,0.25,,vibe,"prop_vibe_orb_orange_mini_01",528
prop_vibe_orb_pink_01,vibe,3,prop,,0.5,,vibe,"prop_vibe_orb_pink_01",586
prop_vibe_orb_pink_large_01,vibe,3,prop,,1.0,,vibe,"prop_vibe_orb_pink_large_01",539
prop_vibe_orb_pink_mini_01,vibe,3,prop,,0.25,,vibe,"prop_vibe_orb_pink_mini_01",526
prop_vibe_orb_coral_01,vibe,3,prop,,0.5,,vibe,"prop_vibe_orb_coral_01",587
prop_vibe_orb_coral_large_01,vibe,3,prop,,1.0,,vibe,"prop_vibe_orb_coral_large_01",540
prop_vibe_orb_coral_mini_01,vibe,3,prop,,0.25,,vibe,"prop_vibe_orb_coral_mini_01",527
prop_vibe_orb_teal_01,vibe,3,prop,,0.5,,vibe,"prop_vibe_orb_teal_01",586
prop_vibe_orb_teal_large_01,vibe,3,prop,,1.0,,vibe,"prop_vibe_orb_teal_large_01",539
prop_vibe_orb_teal_mini_01,vibe,3,prop,,0.25,,vibe,"prop_vibe_orb_teal_mini_01",526
prop_vibe_orb_cyan_01,vibe,3,prop,,0.5,,vibe,"prop_vibe_orb_cyan_01",586
prop_vibe_orb_cyan_large_01,vibe,3,prop,,1.0,,vibe,"prop_vibe_orb_cyan_large_01",539
prop_vibe_orb_cyan_mini_01,vibe,3,prop,,0.25,,vibe,"prop_vibe_orb_cyan_mini_01",526
prop_vibe_orb_lime_01,vibe,3,prop,,0.5,,vibe,"prop_vibe_orb_lime_01",586
prop_vibe_orb_lime_large_01,vibe,3,prop,,1.0,,vibe,"prop_vibe_orb_lime_large_01",539
prop_vibe_orb_lime_mini_01,vibe,3,prop,,0.25,,vibe,"prop_vibe_orb_lime_mini_01",526
prop_vibe_orb_mint_01,vibe,3,prop,,0.5,,vibe,"prop_vibe_orb_mint_01",586
prop_vibe_orb_mint_large_01,vibe,3,prop,,1.0,,vibe,"prop_vibe_orb_mint_large_01",539
prop_vibe_orb_mint_mini_01,vibe,3,prop,,0.25,,vibe,"prop_vibe_orb_mint_mini_01",526
prop_vibe_orb_lilac_01,vibe,3,prop,,0.5,,vibe,"prop_vibe_orb_lilac_01",587
prop_vibe_orb_lilac_large_01,vibe,3,prop,,1.0,,vibe,"prop_vibe_orb_lilac_large_01",540
prop_vibe_orb_lilac_mini_01,vibe,3,prop,,0.25,,vibe,"prop_vibe_orb_lilac_mini_01",527
prop_vibe_orb_indigo_01,vibe,3,prop,,0.5,,vibe,"prop_vibe_orb_indigo_01",588
prop_vibe_orb_indigo_large_01,vibe,3,prop,,1.0,,vibe,"prop_vibe_orb_indigo_large_01",541
prop_vibe_orb_indigo_mini_01,vibe,3,prop,,0.25,,vibe,"prop_vibe_orb_indigo_mini_01",528
prop_vibe_orb_gold_01,vibe,3,prop,,0.5,,vibe,"prop_vibe_orb_gold_01",586
prop_vibe_orb_gold_large_01,vibe,3,prop,,1.0,,vibe,"prop_vibe_orb_gold_large_01",539
prop_vibe_orb_gold_mini_01,vibe,3,prop,,0.25,,vibe,"prop_vibe_orb_gold_mini_01",526
prop_vibe_orb_cream_01,vibe,3,prop,,0.5,,vibe,"prop_vibe_orb_cream_01",587
prop_vibe_orb_cream_large_01,vibe,3,prop,,1.0,,vibe,"prop_vibe_orb_cream_large_01",540
prop_vibe_orb_cream_mini_01,vibe,3,prop,,0.25,,vibe,"prop_vibe_orb_cream_mini_01",527
prop_vibe_orb_rainbow_01,vibe,3,prop,,0.5,,vibe,"prop_vibe_orb_rainbow_01",595
prop_vibe_orb_rainbow_large_01,vibe,3,prop,,1.0,,vibe,"prop_vibe_orb_rainbow_large_01",548
prop_vibe_orb_rainbow_mini_01,vibe,3,prop,,0.25,,vibe,"prop_vibe_orb_rainbow_mini_01",535
prop_vibe_orb_aurora_01,vibe,3,prop,,0.5,,vibe,"prop_vibe_orb_aurora_01",600
prop_vibe_orb_aurora_large_01,vibe,3,prop,,1.0,,vibe,"prop_vibe_orb_aurora_large_01",553
prop_vibe_orb_aurora_mini_01,vibe,3,prop,,0.25,,vibe,"prop_vibe_orb_aurora_mini_01",540
prop_vibe_orb_berry_01,vibe,3,prop,,0.5,,vibe,"prop_vibe_orb_berry_01",595
prop_vibe_orb_berry_large_01,vibe,3,prop,,1.0,,vibe,"prop_vibe_orb_berry_large_01",548
prop_vibe_orb_berry_mini_01,vibe,3,prop,,0.25,,vibe,"prop_vibe_orb_berry_mini_01",535
prop_vibe_flower_daisy_01,vibe,3,prop,,1.0,,vibe,"prop_vibe_flower_daisy_01",558
prop_vibe_flower_rose_01,vibe,3,prop,,1.0,,vibe,"prop_vibe_flower_rose_01",557
prop_vibe_flower_tulip_01,vibe,3,prop,,1.0,,vibe,"prop_vibe_flower_tulip_01",552
prop_vibe_flower_sunflower_01,vibe,3,prop,,1.0,,vibe,"prop_vibe_flower_sunflower_01",556
prop_vibe_flower_lotus_01,vibe,3,prop,,1.0,,vibe,"prop_vibe_flower_lotus_01",545
prop_vibe_flower_lily_01,vibe,3,prop,,1.0,,vibe,"prop_vibe_flower_lily_01",549
prop_vibe_flower_orchid_01,vibe,3,prop,,1.0,,vibe,"prop_vibe_flower_orchid_01",548
prop_vibe_flower_hibiscus_01,vibe,3,prop,,1.0,,vibe,"prop_vibe_flower_hibiscus_01",549
prop_vibe_flower_peony_01,vibe,3,prop,,1.0,,vibe,"prop_vibe_flower_peony_01",549
prop_vibe_flower_lavender_01,vibe,3,prop,,1.0,,vibe,"prop_vibe_flower_lavender_01",550
prop_vibe_flower_dandelion_01,vibe,3,prop,,1.0,,vibe,"prop_vibe_flower_dandelion_01",553
prop_vibe_flower_poppy_01,vibe,3,prop,,1.0,,vibe,"prop_vibe_flower_poppy_01",545
prop_vibe_flower_marigold_01,vibe,3,prop,,1.0,,vibe,"prop_vibe_flower_marigold_01",548
prop_vibe_flower_violet_01,vibe,3,prop,,1.0,,vibe,"prop_vibe_flower_violet_01",547
prop_vibe_flower_cherry_blossom_01,vibe,3,prop,,1.0,,vibe,"prop_vibe_flower_cherry_blossom_01",553
prop_vibe_crystal_teal_01,vibe,3,prop,,0.8,,vibe,"prop_vibe_crystal_teal_01",572
prop_vibe_crystal_pink_01,vibe,3,prop,,0.8,,vibe,"prop_vibe_crystal_pink_01",572
prop_vibe_crystal_gold_01,vibe,3,prop,,0.8,,vibe,"prop_vibe_crystal_gold_01",572
prop_vibe_crystal_lilac_01,vibe,3,prop,,0.8,,vibe,"prop_vibe_crystal_lilac_01",573
prop_vibe_crystal_mint_01,vibe,3,prop,,0.8,,vibe,"prop_vibe_crystal_mint_01",572
prop_vibe_crystal_coral_01,vibe,3,prop,,0.8,,vibe,"prop_vibe_crystal_coral_01",573
prop_vibe_crystal_indigo_01,vibe,3,prop,,0.8,,vibe,"prop_vibe_crystal_indigo_01",574
prop_vibe_crystal_rainbow_01,vibe,3,prop,,0.8,,vibe,"prop_vibe_crystal_rainbow_01",575
prop_vibe_crystal_clear_01,vibe,3,prop,,0.8,,vibe,"prop_vibe_crystal_clear_01",581
prop_vibe_crystal_aurora_01,vibe,3,prop,,0.8,,vibe,"prop_vibe_crystal_aurora_01",570
prop_vibe_mushroom_red_01,vibe,3,prop,,1.8,,vibe,"prop_vibe_mushroom_red_01",561
prop_vibe_mushroom_teal_01,vibe,3,prop,,1.8,,vibe,"prop_vibe_mushroom_teal_01",550
prop_vibe_mushroom_purple_01,vibe,3,prop,,1.8,,vibe,"prop_vibe_mushroom_purple_01",552
prop_vibe_mushroom_gold_01,vibe,3,prop,,1.8,,vibe,"prop_vibe_mushroom_gold_01",550
prop_vibe_mushroom_pink_01,vibe,3,prop,,1.8,,vibe,"prop_vibe_mushroom_pink_01",550
prop_vibe_mushroom_blue_01,vibe,3,prop,,1.8,,vibe,"prop_vibe_mushroom_blue_01",550
prop_vibe_mushroom_rainbow_01,vibe,3,prop,,1.8,,vibe,"prop_vibe_mushroom_rainbow_01",553
prop_vibe_mushroom_star_01,vibe,3,prop,,1.8,,vibe,"prop_vibe_mushroom_star_01",557
prop_vibe_mushroom_heart_01,vibe,3,prop,,1.8,,vibe,"prop_vibe_mushroom_heart_01",556
prop_vibe_mushroom_glow_01,vibe,3,prop,,1.8,,vibe,"prop_vibe_mushroom_glow_01",560
prop_vibe_pedestal_01,vibe,3,prop,,0.6,,vibe,"prop_vibe_pedestal_01",516
prop_vibe_pedestal_gold_01,vibe,3,prop,,0.6,,vibe,"prop_vibe_pedestal_gold_01",500
prop_vibe_totem_01,vibe,3,prop,,2.2,,vibe,"prop_vibe_totem_01",515
prop_vibe_totem_tall_01,vibe,3,prop,,3.0,,vibe,"prop_vibe_totem_tall_01",497
prop_vibe_ring_01,vibe,3,prop,,1.5,,vibe,"prop_vibe_ring_01",525
prop_vibe_ring_large_01,vibe,3,prop,,2.2,,vibe,"prop_vibe_ring_large_01",504
prop_vibe_spiral_01,vibe,3,prop,,2.0,,vibe,"prop_vibe_spiral_01",506
prop_vibe_garden_01,vibe,3,prop,,1.2,,vibe,"prop_vibe_garden_01",512
prop_vibe_tree_01,vibe,3,prop,,3.0,,vibe,"prop_vibe_tree_01",509
prop_vibe_tree_crystal_01,vibe,3,prop,,3.0,,vibe,"prop_vibe_tree_crystal_01",506
prop_vibe_bush_01,vibe,3,prop,,1.0,,vibe,"prop_vibe_bush_01",496
prop_vibe_grass_01,vibe,3,prop,,0.5,,vibe,"prop_vibe_grass_01",504
prop_vibe_path_01,vibe,3,prop,,0.1,3.0,vibe,"prop_vibe_path_01",543
prop_vibe_bridge_01,vibe,3,prop,,1.5,,vibe,"prop_vibe_bridge_01",511
prop_vibe_gazebo_01,vibe,3,prop,,2.5,,vibe,"prop_vibe_gazebo_01",494
prop_vibe_fountain_01,vibe,3,prop,,2.0,,vibe,"prop_vibe_fountain_01",516
prop_vibe_bench_01,vibe,3,prop,,0.6,,vibe,"prop_vibe_bench_01",499
prop_vibe_lantern_01,vibe,3,prop,,1.8,,vibe,"prop_vibe_lantern_01",510
prop_vibe_lantern_hang_01,vibe,3,prop,,2.0,,vibe,"prop_vibe_lantern_hang_01",510
prop_vibe_windchime_01,vibe,3,prop,,1.8,,vibe,"prop_vibe_windchime_01",506
prop_vibe_mobile_01,vibe,3,prop,,2.2,,vibe,"prop_vibe_mobile_01",517
prop_vibe_score_board_01,vibe,3,prop,,1.8,,vibe,"prop_vibe_score_board_01",506
prop_vibe_spawn_marker_01,vibe,3,prop,,0.05,1.5,vibe,"prop_vibe_spawn_marker_01",554
prop_vibe_trail_marker_01,vibe,3,prop,,1.2,,vibe,"prop_vibe_trail_marker_01",518
prop_vibe_basket_01,vibe,3,prop,,0.7,,vibe,"prop_vibe_basket_01",502
prop_vibe_jar_01,vibe,3,prop,,0.9,,vibe,"prop_vibe_jar_01",513
prop_vibe_shelf_01,vibe,3,prop,,1.4,,vibe,"prop_vibe_shelf_01",504
prop_vibe_altar_01,vibe,3,prop,,1.0,,vibe,"prop_vibe_altar_01",517
prop_vibe_mirror_pond_01,vibe,3,prop,,0.15,3.0,vibe,"prop_vibe_mirror_pond_01",529
prop_vibe_stepping_01,vibe,3,prop,,0.2,,vibe,"prop_vibe_stepping_01",521
prop_vibe_arch_flower_01,vibe,3,prop,,2.8,,vibe,"prop_vibe_arch_flower_01",508
prop_vibe_arch_crystal_01,vibe,3,prop,,2.8,,vibe,"prop_vibe_arch_crystal_01",510
prop_vibe_gate_01,vibe,3,prop,,2.0,,vibe,"prop_vibe_gate_01",499
prop_vibe_fence_01,vibe,3,prop,,1.0,,vibe,"prop_vibe_fence_01",507
prop_vibe_sign_01,vibe,3,prop,,1.5,,vibe,"prop_vibe_sign_01",506
prop_vibe_map_01,vibe,3,prop,,1.8,,vibe,"prop_vibe_map_01",509
prop_vibe_clock_01,vibe,3,prop,,1.6,,vibe,"prop_vibe_clock_01",505
prop_vibe_bee_hive_01,vibe,3,prop,,1.2,,vibe,"prop_vibe_bee_hive_01",506
prop_vibe_butterfly_01,vibe,3,prop,,1.5,,vibe,"prop_vibe_butterfly_01",519
prop_vibe_snail_01,vibe,3,prop,,1.0,,vibe,"prop_vibe_snail_01",513
prop_vibe_frog_deco_01,vibe,3,prop,,1.2,,vibe,"prop_vibe_frog_deco_01",513
prop_vibe_birdbath_01,vibe,3,prop,,1.0,,vibe,"prop_vibe_birdbath_01",495
prop_vibe_watering_01,vibe,3,prop,,0.9,,vibe,"prop_vibe_watering_01",515
prop_vibe_wheelbarrow_01,vibe,3,prop,,1.0,,vibe,"prop_vibe_wheelbarrow_01",509
prop_vibe_compost_cute_01,vibe,3,prop,,1.0,,vibe,"prop_vibe_compost_cute_01",517
prop_vibe_greenhouse_01,vibe,3,prop,,2.2,,vibe,"prop_vibe_greenhouse_01",519
prop_vibe_pot_stack_01,vibe,3,prop,,1.4,,vibe,"prop_vibe_pot_stack_01",507
prop_vibe_seed_bag_01,vibe,3,prop,,0.7,,vibe,"prop_vibe_seed_bag_01",506
prop_vibe_shovel_01,vibe,3,prop,,1.2,,vibe,"prop_vibe_shovel_01",513
prop_vibe_rake_01,vibe,3,prop,,1.2,,vibe,"prop_vibe_rake_01",511
prop_vibe_hose_01,vibe,3,prop,,0.6,,vibe,"prop_vibe_hose_01",504
prop_vibe_sprinkler_01,vibe,3,prop,,0.5,,vibe,"prop_vibe_sprinkler_01",501
prop_vibe_cloud_deco_01,vibe,3,prop,,1.5,,vibe,"prop_vibe_cloud_deco_01",521
prop_vibe_rainbow_arch_01,vibe,3,prop,,2.5,,vibe,"prop_vibe_rainbow_arch_01",505
prop_vibe_sun_deco_01,vibe,3,prop,,1.8,,vibe,"prop_vibe_sun_deco_01",507
prop_vibe_moon_deco_01,vibe,3,prop,,1.8,,vibe,"prop_vibe_moon_deco_01",507
prop_vibe_star_deco_01,vibe,3,prop,,1.5,,vibe,"prop_vibe_star_deco_01",504
prop_vibe_combo_orb_flower_01,vibe,3,prop,,1.0,,vibe,"prop_vibe_combo_orb_flower_01",525
prop_vibe_combo_crystal_orb_01,vibe,3,prop,,1.0,,vibe,"prop_vibe_combo_crystal_orb_01",523
prop_vibe_orb_var_02,vibe,3,prop,,0.6000000000000001,,vibe,"prop_vibe_orb_var_02",580
prop_vibe_orb_var_03,vibe,3,prop,,0.7000000000000001,,vibe,"prop_vibe_orb_var_03",580
prop_vibe_orb_var_04,vibe,3,prop,,0.8,,vibe,"prop_vibe_orb_var_04",565
prop_vibe_orb_var_05,vibe,3,prop,,0.4,,vibe,"prop_vibe_orb_var_05",565
prop_vibe_orb_var_06,vibe,3,prop,,0.5,,vibe,"prop_vibe_orb_var_06",565
prop_vibe_orb_var_07,vibe,3,prop,,0.6000000000000001,,vibe,"prop_vibe_orb_var_07",580
prop_vibe_orb_var_08,vibe,3,prop,,0.7000000000000001,,vibe,"prop_vibe_orb_var_08",580
prop_vibe_orb_var_09,vibe,3,prop,,0.8,,vibe,"prop_vibe_orb_var_09",565
prop_vibe_orb_var_10,vibe,3,prop,,0.4,,vibe,"prop_vibe_orb_var_10",566
prop_vibe_orb_var_11,vibe,3,prop,,0.5,,vibe,"prop_vibe_orb_var_11",566
prop_vibe_orb_var_12,vibe,3,prop,,0.6000000000000001,,vibe,"prop_vibe_orb_var_12",581
prop_vibe_orb_var_13,vibe,3,prop,,0.7000000000000001,,vibe,"prop_vibe_orb_var_13",581
prop_vibe_orb_var_14,vibe,3,prop,,0.8,,vibe,"prop_vibe_orb_var_14",566
prop_vibe_orb_var_15,vibe,3,prop,,0.4,,vibe,"prop_vibe_orb_var_15",566
prop_vibe_orb_var_16,vibe,3,prop,,0.5,,vibe,"prop_vibe_orb_var_16",566
prop_vibe_orb_var_17,vibe,3,prop,,0.6000000000000001,,vibe,"prop_vibe_orb_var_17",581
prop_vibe_orb_var_18,vibe,3,prop,,0.7000000000000001,,vibe,"prop_vibe_orb_var_18",581
prop_vibe_orb_var_19,vibe,3,prop,,0.8,,vibe,"prop_vibe_orb_var_19",566
prop_vibe_orb_var_20,vibe,3,prop,,0.4,,vibe,"prop_vibe_orb_var_20",566
prop_vibe_orb_var_21,vibe,3,prop,,0.5,,vibe,"prop_vibe_orb_var_21",566
prop_vibe_orb_var_22,vibe,3,prop,,0.6000000000000001,,vibe,"prop_vibe_orb_var_22",581
prop_vibe_orb_var_23,vibe,3,prop,,0.7000000000000001,,vibe,"prop_vibe_orb_var_23",581
prop_vibe_orb_var_24,vibe,3,prop,,0.8,,vibe,"prop_vibe_orb_var_24",566
prop_vibe_orb_var_25,vibe,3,prop,,0.4,,vibe,"prop_vibe_orb_var_25",566
prop_vibe_orb_var_26,vibe,3,prop,,0.5,,vibe,"prop_vibe_orb_var_26",566
prop_vibe_orb_var_27,vibe,3,prop,,0.6000000000000001,,vibe,"prop_vibe_orb_var_27",581
prop_vibe_orb_var_28,vibe,3,prop,,0.7000000000000001,,vibe,"prop_vibe_orb_var_28",581
prop_vibe_orb_var_29,vibe,3,prop,,0.8,,vibe,"prop_vibe_orb_var_29",566
prop_vibe_orb_var_30,vibe,3,prop,,0.4,,vibe,"prop_vibe_orb_var_30",566
prop_vibe_orb_var_31,vibe,3,prop,,0.5,,vibe,"prop_vibe_orb_var_31",566
prop_vibe_orb_var_32,vibe,3,prop,,0.6000000000000001,,vibe,"prop_vibe_orb_var_32",581
prop_vibe_orb_var_33,vibe,3,prop,,0.7000000000000001,,vibe,"prop_vibe_orb_var_33",581
prop_vibe_orb_var_34,vibe,3,prop,,0.8,,vibe,"prop_vibe_orb_var_34",566
prop_vibe_orb_var_35,vibe,3,prop,,0.4,,vibe,"prop_vibe_orb_var_35",566
prop_vibe_orb_var_36,vibe,3,prop,,0.5,,vibe,"prop_vibe_orb_var_36",566
prop_vibe_orb_var_37,vibe,3,prop,,0.6000000000000001,,vibe,"prop_vibe_orb_var_37",581
prop_vibe_orb_var_38,vibe,3,prop,,0.7000000000000001,,vibe,"prop_vibe_orb_var_38",581
prop_vibe_orb_var_39,vibe,3,prop,,0.8,,vibe,"prop_vibe_orb_var_39",566
prop_vibe_orb_var_40,vibe,3,prop,,0.4,,vibe,"prop_vibe_orb_var_40",566
prop_vibe_flower_var_02,vibe,3,prop,,1.0,,vibe,"prop_vibe_flower_var_02",540
prop_vibe_flower_var_03,vibe,3,prop,,1.1,,vibe,"prop_vibe_flower_var_03",540
prop_vibe_flower_var_04,vibe,3,prop,,1.2000000000000002,,vibe,"prop_vibe_flower_var_04",555
prop_vibe_flower_var_05,vibe,3,prop,,0.8,,vibe,"prop_vibe_flower_var_05",540
prop_vibe_flower_var_06,vibe,3,prop,,0.9,,vibe,"prop_vibe_flower_var_06",540
prop_vibe_flower_var_07,vibe,3,prop,,1.0,,vibe,"prop_vibe_flower_var_07",540
prop_vibe_flower_var_08,vibe,3,prop,,1.1,,vibe,"prop_vibe_flower_var_08",540
prop_vibe_flower_var_09,vibe,3,prop,,1.2000000000000002,,vibe,"prop_vibe_flower_var_09",555
prop_vibe_flower_var_10,vibe,3,prop,,0.8,,vibe,"prop_vibe_flower_var_10",541
prop_vibe_flower_var_11,vibe,3,prop,,0.9,,vibe,"prop_vibe_flower_var_11",541
prop_vibe_flower_var_12,vibe,3,prop,,1.0,,vibe,"prop_vibe_flower_var_12",541
prop_vibe_flower_var_13,vibe,3,prop,,1.1,,vibe,"prop_vibe_flower_var_13",541
prop_vibe_flower_var_14,vibe,3,prop,,1.2000000000000002,,vibe,"prop_vibe_flower_var_14",556
prop_vibe_flower_var_15,vibe,3,prop,,0.8,,vibe,"prop_vibe_flower_var_15",541
prop_vibe_flower_var_16,vibe,3,prop,,0.9,,vibe,"prop_vibe_flower_var_16",541
prop_vibe_flower_var_17,vibe,3,prop,,1.0,,vibe,"prop_vibe_flower_var_17",541
prop_vibe_flower_var_18,vibe,3,prop,,1.1,,vibe,"prop_vibe_flower_var_18",541
prop_vibe_flower_var_19,vibe,3,prop,,1.2000000000000002,,vibe,"prop_vibe_flower_var_19",556
prop_vibe_flower_var_20,vibe,3,prop,,0.8,,vibe,"prop_vibe_flower_var_20",541
prop_cover_block_wide_01,shooter,3,prop,,1.2,,shooter,"prop_cover_block_wide_01",531
prop_cover_block_tall_01,shooter,3,prop,,1.8,,shooter,"prop_cover_block_tall_01",507
prop_cover_block_low_01,shooter,3,prop,,0.6,,shooter,"prop_cover_block_low_01",505
prop_cover_block_round_01,shooter,3,prop,,1.2,,shooter,"prop_cover_block_round_01",502
prop_cover_block_L_01,shooter,3,prop,,1.2,,shooter,"prop_cover_block_L_01",515
prop_cover_block_T_01,shooter,3,prop,,1.2,,shooter,"prop_cover_block_T_01",514
prop_cover_block_ramp_01,shooter,3,prop,,1.2,,shooter,"prop_cover_block_ramp_01",509
prop_cover_block_window_01,shooter,3,prop,,1.4,,shooter,"prop_cover_block_window_01",517
prop_cover_block_door_01,shooter,3,prop,,1.6,,shooter,"prop_cover_block_door_01",512
prop_cover_crate_01,shooter,3,prop,,1.0,,shooter,"prop_cover_crate_01",501
prop_cover_barrel_01,shooter,3,prop,,1.1,,shooter,"prop_cover_barrel_01",513
prop_cover_bag_01,shooter,3,prop,,0.9,,shooter,"prop_cover_bag_01",530
prop_target_star_large_01,shooter,3,prop,,1.5,,shooter,"prop_target_star_large_01",513
prop_target_star_mini_01,shooter,3,prop,,0.6,,shooter,"prop_target_star_mini_01",511
prop_target_circle_01,shooter,3,prop,,1.0,,shooter,"prop_target_circle_01",522
prop_target_heart_01,shooter,3,prop,,1.0,,shooter,"prop_target_heart_01",507
prop_target_orb_01,shooter,3,prop,,1.0,,shooter,"prop_target_orb_01",506
prop_target_diamond_01,shooter,3,prop,,1.0,,shooter,"prop_target_diamond_01",510
prop_target_moving_look_01,shooter,3,prop,,1.2,,shooter,"prop_target_moving_look_01",522
prop_target_duo_01,shooter,3,prop,,1.3,,shooter,"prop_target_duo_01",519
prop_target_trio_01,shooter,3,prop,,1.4,,shooter,"prop_target_trio_01",519
prop_blaster_toy_pink_01,shooter,3,prop,,0.4,,shooter,"prop_blaster_toy_pink_01",572
prop_blaster_toy_cyan_01,shooter,3,prop,,0.4,,shooter,"prop_blaster_toy_cyan_01",514
prop_blaster_toy_lime_01,shooter,3,prop,,0.4,,shooter,"prop_blaster_toy_lime_01",513
prop_blaster_toy_gold_01,shooter,3,prop,,0.4,,shooter,"prop_blaster_toy_gold_01",513
prop_blaster_toy_mega_01,shooter,3,prop,,0.7,,shooter,"prop_blaster_toy_mega_01",521
prop_blaster_toy_dual_01,shooter,3,prop,,0.45,,shooter,"prop_blaster_toy_dual_01",523
prop_foam_dart_crate_01,shooter,3,prop,,0.8,,shooter,"prop_foam_dart_crate_01",528
prop_foam_shield_01,shooter,3,prop,,1.0,,shooter,"prop_foam_shield_01",506
prop_foam_bat_01,shooter,3,prop,,0.9,,shooter,"prop_foam_bat_01",501
prop_water_gun_toy_01,shooter,3,prop,,0.4,,shooter,"prop_water_gun_toy_01",514
prop_bubble_blaster_01,shooter,3,prop,,0.4,,shooter,"prop_bubble_blaster_01",504
prop_cover_wall_01,shooter,3,prop,,2.2,,shooter,"prop_cover_wall_01",506
prop_cover_wall_star_01,shooter,3,prop,,2.2,,shooter,"prop_cover_wall_star_01",515
prop_cover_wall_window_01,shooter,3,prop,,2.2,,shooter,"prop_cover_wall_window_01",505
prop_cover_corner_01,shooter,3,prop,,1.4,,shooter,"prop_cover_corner_01",508
prop_cover_bunker_01,shooter,3,prop,,1.5,,shooter,"prop_cover_bunker_01",502
prop_cover_tower_01,shooter,3,prop,,2.0,,shooter,"prop_cover_tower_01",507
env_shooter_spawn_pad_01,shooter,3,env,,0.1,2.0,shooter,"env_shooter_spawn_pad_01",556
env_shooter_bounce_pad_01,shooter,3,env,,0.4,2.0,shooter,"env_shooter_bounce_pad_01",529
env_shooter_speed_pad_01,shooter,3,env,,0.1,2.0,shooter,"env_shooter_speed_pad_01",543
env_shooter_heal_pad_01,shooter,3,env,,0.1,2.0,shooter,"env_shooter_heal_pad_01",554
env_shooter_hazard_pad_01,shooter,3,env,,0.1,2.0,shooter,"env_shooter_hazard_pad_01",561
vfx_ko_burst_pink_01,shooter,3,vfx,,0.05,2.0,shooter,"vfx_ko_burst_pink_01",558
vfx_ko_burst_cyan_01,shooter,3,vfx,,0.05,2.0,shooter,"vfx_ko_burst_cyan_01",553
vfx_ko_burst_gold_01,shooter,3,vfx,,0.05,2.0,shooter,"vfx_ko_burst_gold_01",553
vfx_ko_burst_rainbow_01,shooter,3,vfx,,0.05,2.0,shooter,"vfx_ko_burst_rainbow_01",556
vfx_hit_marker_01,shooter,3,vfx,,0.05,0.8,shooter,"vfx_hit_marker_01",551
vfx_spawn_burst_01,shooter,3,vfx,,0.05,1.5,shooter,"vfx_spawn_burst_01",553
prop_shooter_scoreboard_01,shooter,3,prop,,2.0,,shooter,"prop_shooter_scoreboard_01",509
prop_shooter_timer_01,shooter,3,prop,,1.6,,shooter,"prop_shooter_timer_01",510
prop_shooter_ammo_station_01,shooter,3,prop,,1.4,,shooter,"prop_shooter_ammo_station_01",513
prop_shooter_health_station_01,shooter,3,prop,,1.4,,shooter,"prop_shooter_health_station_01",503
prop_shooter_flag_01,shooter,3,prop,,2.2,,shooter,"prop_shooter_flag_01",514
prop_shooter_banner_01,shooter,3,prop,,1.5,,shooter,"prop_shooter_banner_01",514
prop_shooter_light_01,shooter,3,prop,,2.0,,shooter,"prop_shooter_light_01",509
prop_shooter_speaker_01,shooter,3,prop,,1.6,,shooter,"prop_shooter_speaker_01",506
prop_shooter_camera_01,shooter,3,prop,,1.5,,shooter,"prop_shooter_camera_01",502
prop_shooter_drone_01,shooter,3,prop,,0.5,,shooter,"prop_shooter_drone_01",507
prop_shooter_trophy_01,shooter,3,prop,,0.8,,shooter,"prop_shooter_trophy_01",495
prop_shooter_medal_01,shooter,3,prop,,0.6,,shooter,"prop_shooter_medal_01",506
prop_shooter_podium_01,shooter,3,prop,,1.2,,shooter,"prop_shooter_podium_01",518
prop_shooter_gate_01,shooter,3,prop,,2.5,,shooter,"prop_shooter_gate_01",511
prop_shooter_fence_01,shooter,3,prop,,1.2,,shooter,"prop_shooter_fence_01",508
prop_shooter_bench_01,shooter,3,prop,,0.6,,shooter,"prop_shooter_bench_01",505
prop_shooter_locker_01,shooter,3,prop,,1.8,,shooter,"prop_shooter_locker_01",503
prop_shooter_bench_cover_01,shooter,3,prop,,1.0,,shooter,"prop_shooter_bench_cover_01",509
prop_cover_block_02,shooter,3,prop,,1.1,,shooter,"prop_cover_block_02",558
prop_cover_block_03,shooter,3,prop,,1.25,,shooter,"prop_cover_block_03",559
prop_cover_block_04,shooter,3,prop,,1.4,,shooter,"prop_cover_block_04",558
prop_cover_block_05,shooter,3,prop,,1.55,,shooter,"prop_cover_block_05",559
prop_cover_block_06,shooter,3,prop,,1.7,,shooter,"prop_cover_block_06",558
prop_cover_block_07,shooter,3,prop,,0.8,,shooter,"prop_cover_block_07",558
prop_cover_block_08,shooter,3,prop,,0.9500000000000001,,shooter,"prop_cover_block_08",573
prop_cover_block_09,shooter,3,prop,,1.1,,shooter,"prop_cover_block_09",558
prop_cover_block_10,shooter,3,prop,,1.25,,shooter,"prop_cover_block_10",560
prop_cover_block_11,shooter,3,prop,,1.4,,shooter,"prop_cover_block_11",559
prop_cover_block_12,shooter,3,prop,,1.55,,shooter,"prop_cover_block_12",560
prop_cover_block_13,shooter,3,prop,,1.7,,shooter,"prop_cover_block_13",559
prop_cover_block_14,shooter,3,prop,,0.8,,shooter,"prop_cover_block_14",559
prop_cover_block_15,shooter,3,prop,,0.9500000000000001,,shooter,"prop_cover_block_15",574
prop_cover_block_16,shooter,3,prop,,1.1,,shooter,"prop_cover_block_16",559
prop_cover_block_17,shooter,3,prop,,1.25,,shooter,"prop_cover_block_17",560
prop_cover_block_18,shooter,3,prop,,1.4,,shooter,"prop_cover_block_18",559
prop_cover_block_19,shooter,3,prop,,1.55,,shooter,"prop_cover_block_19",560
prop_cover_block_20,shooter,3,prop,,1.7,,shooter,"prop_cover_block_20",559
prop_cover_block_21,shooter,3,prop,,0.8,,shooter,"prop_cover_block_21",559
prop_cover_block_22,shooter,3,prop,,0.9500000000000001,,shooter,"prop_cover_block_22",574
prop_cover_block_23,shooter,3,prop,,1.1,,shooter,"prop_cover_block_23",559
prop_cover_block_24,shooter,3,prop,,1.25,,shooter,"prop_cover_block_24",560
prop_cover_block_25,shooter,3,prop,,1.4,,shooter,"prop_cover_block_25",559
prop_cover_block_26,shooter,3,prop,,1.55,,shooter,"prop_cover_block_26",560
prop_cover_block_27,shooter,3,prop,,1.7,,shooter,"prop_cover_block_27",559
prop_cover_block_28,shooter,3,prop,,0.8,,shooter,"prop_cover_block_28",559
prop_cover_block_29,shooter,3,prop,,0.9500000000000001,,shooter,"prop_cover_block_29",574
prop_cover_block_30,shooter,3,prop,,1.1,,shooter,"prop_cover_block_30",559
prop_cover_block_31,shooter,3,prop,,1.25,,shooter,"prop_cover_block_31",560
prop_cover_block_32,shooter,3,prop,,1.4,,shooter,"prop_cover_block_32",559
prop_cover_block_33,shooter,3,prop,,1.55,,shooter,"prop_cover_block_33",560
prop_cover_block_34,shooter,3,prop,,1.7,,shooter,"prop_cover_block_34",559
prop_cover_block_35,shooter,3,prop,,0.8,,shooter,"prop_cover_block_35",559
prop_cover_block_36,shooter,3,prop,,0.9500000000000001,,shooter,"prop_cover_block_36",574
prop_cover_block_37,shooter,3,prop,,1.1,,shooter,"prop_cover_block_37",559
prop_cover_block_38,shooter,3,prop,,1.25,,shooter,"prop_cover_block_38",560
prop_cover_block_39,shooter,3,prop,,1.4,,shooter,"prop_cover_block_39",559
prop_cover_block_40,shooter,3,prop,,1.55,,shooter,"prop_cover_block_40",560
prop_target_star_02,shooter,3,prop,,0.8999999999999999,,shooter,"prop_target_star_02",546
prop_target_star_03,shooter,3,prop,,1.0,,shooter,"prop_target_star_03",531
prop_target_star_04,shooter,3,prop,,1.1,,shooter,"prop_target_star_04",531
prop_target_star_05,shooter,3,prop,,1.2,,shooter,"prop_target_star_05",531
prop_target_star_06,shooter,3,prop,,0.7,,shooter,"prop_target_star_06",531
prop_target_star_07,shooter,3,prop,,0.7999999999999999,,shooter,"prop_target_star_07",546
prop_target_star_08,shooter,3,prop,,0.8999999999999999,,shooter,"prop_target_star_08",546
prop_target_star_09,shooter,3,prop,,1.0,,shooter,"prop_target_star_09",531
prop_target_star_10,shooter,3,prop,,1.1,,shooter,"prop_target_star_10",532
prop_target_star_11,shooter,3,prop,,1.2,,shooter,"prop_target_star_11",532
prop_target_star_12,shooter,3,prop,,0.7,,shooter,"prop_target_star_12",532
prop_target_star_13,shooter,3,prop,,0.7999999999999999,,shooter,"prop_target_star_13",547
prop_target_star_14,shooter,3,prop,,0.8999999999999999,,shooter,"prop_target_star_14",547
prop_target_star_15,shooter,3,prop,,1.0,,shooter,"prop_target_star_15",532
prop_target_star_16,shooter,3,prop,,1.1,,shooter,"prop_target_star_16",532
prop_target_star_17,shooter,3,prop,,1.2,,shooter,"prop_target_star_17",532
prop_target_star_18,shooter,3,prop,,0.7,,shooter,"prop_target_star_18",532
prop_target_star_19,shooter,3,prop,,0.7999999999999999,,shooter,"prop_target_star_19",547
prop_target_star_20,shooter,3,prop,,0.8999999999999999,,shooter,"prop_target_star_20",547
prop_target_star_21,shooter,3,prop,,1.0,,shooter,"prop_target_star_21",532
prop_target_star_22,shooter,3,prop,,1.1,,shooter,"prop_target_star_22",532
prop_target_star_23,shooter,3,prop,,1.2,,shooter,"prop_target_star_23",532
prop_target_star_24,shooter,3,prop,,0.7,,shooter,"prop_target_star_24",532
prop_target_star_25,shooter,3,prop,,0.7999999999999999,,shooter,"prop_target_star_25",547
prop_blaster_toy_02,shooter,3,prop,,0.44999999999999996,,shooter,"prop_blaster_toy_02",619
prop_blaster_toy_03,shooter,3,prop,,0.5,,shooter,"prop_blaster_toy_03",603
prop_blaster_toy_04,shooter,3,prop,,0.35,,shooter,"prop_blaster_toy_04",604
prop_blaster_toy_05,shooter,3,prop,,0.39999999999999997,,shooter,"prop_blaster_toy_05",619
prop_blaster_toy_06,shooter,3,prop,,0.44999999999999996,,shooter,"prop_blaster_toy_06",619
prop_blaster_toy_07,shooter,3,prop,,0.5,,shooter,"prop_blaster_toy_07",603
prop_blaster_toy_08,shooter,3,prop,,0.35,,shooter,"prop_blaster_toy_08",604
prop_blaster_toy_09,shooter,3,prop,,0.39999999999999997,,shooter,"prop_blaster_toy_09",619
prop_blaster_toy_10,shooter,3,prop,,0.44999999999999996,,shooter,"prop_blaster_toy_10",620
prop_blaster_toy_11,shooter,3,prop,,0.5,,shooter,"prop_blaster_toy_11",604
prop_blaster_toy_12,shooter,3,prop,,0.35,,shooter,"prop_blaster_toy_12",605
prop_blaster_toy_13,shooter,3,prop,,0.39999999999999997,,shooter,"prop_blaster_toy_13",620
prop_blaster_toy_14,shooter,3,prop,,0.44999999999999996,,shooter,"prop_blaster_toy_14",620
prop_blaster_toy_15,shooter,3,prop,,0.5,,shooter,"prop_blaster_toy_15",604
prop_trophy_gold_01,rewards_vfx,4,prop,,0.9,,rewards,"prop_trophy_gold_01",528
prop_trophy_silver_01,rewards_vfx,4,prop,,0.9,,rewards,"prop_trophy_silver_01",517
prop_trophy_bronze_01,rewards_vfx,4,prop,,0.9,,rewards,"prop_trophy_bronze_01",499
prop_trophy_star_01,rewards_vfx,4,prop,,0.8,,rewards,"prop_trophy_star_01",492
prop_trophy_egg_01,rewards_vfx,4,prop,,0.9,,rewards,"prop_trophy_egg_01",504
prop_trophy_orb_01,rewards_vfx,4,prop,,0.8,,rewards,"prop_trophy_orb_01",498
prop_trophy_blaster_01,rewards_vfx,4,prop,,0.8,,rewards,"prop_trophy_blaster_01",518
prop_trophy_grand_01,rewards_vfx,4,prop,,1.3,,rewards,"prop_trophy_grand_01",524
prop_medal_gold_01,rewards_vfx,4,prop,,0.5,,rewards,"prop_medal_gold_01",495
prop_medal_silver_01,rewards_vfx,4,prop,,0.5,,rewards,"prop_medal_silver_01",503
prop_medal_bronze_01,rewards_vfx,4,prop,,0.5,,rewards,"prop_medal_bronze_01",503
prop_medal_star_01,rewards_vfx,4,prop,,0.5,,rewards,"prop_medal_star_01",500
prop_medal_heart_01,rewards_vfx,4,prop,,0.5,,rewards,"prop_medal_heart_01",503
prop_cup_party_01,rewards_vfx,4,prop,,0.6,,rewards,"prop_cup_party_01",498
prop_plaque_01,rewards_vfx,4,prop,,0.7,,rewards,"prop_plaque_01",509
prop_ribbon_prize_01,rewards_vfx,4,prop,,0.5,,rewards,"prop_ribbon_prize_01",505
prop_crown_prize_01,rewards_vfx,4,prop,,0.6,,rewards,"prop_crown_prize_01",502
prop_scepter_01,rewards_vfx,4,prop,,1.2,,rewards,"prop_scepter_01",503
prop_boing_coin_01,rewards_vfx,4,prop,,0.5,,rewards,"prop_boing_coin_01",513
prop_boing_coin_stack_01,rewards_vfx,4,prop,,0.8,,rewards,"prop_boing_coin_stack_01",498
prop_boing_chest_01,rewards_vfx,4,prop,,1.0,,rewards,"prop_boing_chest_01",502
prop_hype_meter_01,rewards_vfx,4,prop,,1.6,,rewards,"prop_hype_meter_01",517
prop_season_badge_01,rewards_vfx,4,prop,,0.7,,rewards,"prop_season_badge_01",506
prop_challenge_token_01,rewards_vfx,4,prop,,0.4,,rewards,"prop_challenge_token_01",512
vfx_confetti_burst_01,rewards_vfx,4,vfx,,0.05,2.0,rewards,"vfx_confetti_burst_01",556
vfx_star_burst_01,rewards_vfx,4,vfx,,0.05,2.0,rewards,"vfx_star_burst_01",549
vfx_heart_burst_01,rewards_vfx,4,vfx,,0.05,2.0,rewards,"vfx_heart_burst_01",551
vfx_orb_burst_01,rewards_vfx,4,vfx,,0.05,1.5,rewards,"vfx_orb_burst_01",561
vfx_boost_burst_01,rewards_vfx,4,vfx,,0.05,2.0,rewards,"vfx_boost_burst_01",554
vfx_finish_burst_01,rewards_vfx,4,vfx,,0.05,2.5,rewards,"vfx_finish_burst_01",558
vfx_portal_ring_01,rewards_vfx,4,vfx,,0.05,2.5,rewards,"vfx_portal_ring_01",555
vfx_shadow_blob_01,rewards_vfx,4,vfx,,0.03,1.2,rewards,"vfx_shadow_blob_01",587
vfx_spotlight_pool_01,rewards_vfx,4,vfx,,0.05,2.0,rewards,"vfx_spotlight_pool_01",554
vfx_arrow_floor_01,rewards_vfx,4,vfx,,0.05,1.5,rewards,"vfx_arrow_floor_01",554
vfx_crosshair_cute_01,rewards_vfx,4,vfx,,0.05,1.0,rewards,"vfx_crosshair_cute_01",554
vfx_mode_icon_race_01,rewards_vfx,4,vfx,,1.2,,rewards,"vfx_mode_icon_race_01",529
vfx_mode_icon_vibe_01,rewards_vfx,4,vfx,,1.2,,rewards,"vfx_mode_icon_vibe_01",523
vfx_mode_icon_shooter_01,rewards_vfx,4,vfx,,1.2,,rewards,"vfx_mode_icon_shooter_01",525
vfx_mode_icon_party_01,rewards_vfx,4,vfx,,1.2,,rewards,"vfx_mode_icon_party_01",526
prop_ui_button_stand_01,rewards_vfx,4,prop,,1.0,,rewards,"prop_ui_button_stand_01",523
prop_ui_panel_01,rewards_vfx,4,prop,,1.8,,rewards,"prop_ui_panel_01",509
prop_ui_cursor_01,rewards_vfx,4,prop,,0.8,,rewards,"prop_ui_cursor_01",510
prop_photo_frame_01,rewards_vfx,4,prop,,1.4,,rewards,"prop_photo_frame_01",513
prop_photo_frame_wide_01,rewards_vfx,4,prop,,1.2,,rewards,"prop_photo_frame_wide_01",505
prop_camera_tripod_01,rewards_vfx,4,prop,,1.6,,rewards,"prop_camera_tripod_01",498
prop_clapboard_01,rewards_vfx,4,prop,,0.5,,rewards,"prop_clapboard_01",506
prop_director_chair_01,rewards_vfx,4,prop,,1.0,,rewards,"prop_director_chair_01",496
prop_trophy_var_02,rewards_vfx,4,prop,,0.8999999999999999,,rewards,"prop_trophy_var_02",577
prop_trophy_var_03,rewards_vfx,4,prop,,1.0,,rewards,"prop_trophy_var_03",562
prop_trophy_var_04,rewards_vfx,4,prop,,1.1,,rewards,"prop_trophy_var_04",562
prop_trophy_var_05,rewards_vfx,4,prop,,0.7,,rewards,"prop_trophy_var_05",562
prop_trophy_var_06,rewards_vfx,4,prop,,0.7999999999999999,,rewards,"prop_trophy_var_06",577
prop_trophy_var_07,rewards_vfx,4,prop,,0.8999999999999999,,rewards,"prop_trophy_var_07",577
prop_trophy_var_08,rewards_vfx,4,prop,,1.0,,rewards,"prop_trophy_var_08",562
prop_trophy_var_09,rewards_vfx,4,prop,,1.1,,rewards,"prop_trophy_var_09",562
prop_trophy_var_10,rewards_vfx,4,prop,,0.7,,rewards,"prop_trophy_var_10",563
prop_trophy_var_11,rewards_vfx,4,prop,,0.7999999999999999,,rewards,"prop_trophy_var_11",578
prop_trophy_var_12,rewards_vfx,4,prop,,0.8999999999999999,,rewards,"prop_trophy_var_12",578
prop_trophy_var_13,rewards_vfx,4,prop,,1.0,,rewards,"prop_trophy_var_13",563
prop_trophy_var_14,rewards_vfx,4,prop,,1.1,,rewards,"prop_trophy_var_14",563
prop_trophy_var_15,rewards_vfx,4,prop,,0.7,,rewards,"prop_trophy_var_15",563
prop_trophy_var_16,rewards_vfx,4,prop,,0.7999999999999999,,rewards,"prop_trophy_var_16",578
prop_trophy_var_17,rewards_vfx,4,prop,,0.8999999999999999,,rewards,"prop_trophy_var_17",578
prop_trophy_var_18,rewards_vfx,4,prop,,1.0,,rewards,"prop_trophy_var_18",563
prop_trophy_var_19,rewards_vfx,4,prop,,1.1,,rewards,"prop_trophy_var_19",563
prop_trophy_var_20,rewards_vfx,4,prop,,0.7,,rewards,"prop_trophy_var_20",563
vfx_burst_var_02,rewards_vfx,4,vfx,,0.05,2.0,rewards,"vfx_burst_var_02",575
vfx_burst_var_03,rewards_vfx,4,vfx,,0.05,2.0,rewards,"vfx_burst_var_03",575
vfx_burst_var_04,rewards_vfx,4,vfx,,0.05,2.0,rewards,"vfx_burst_var_04",575
vfx_burst_var_05,rewards_vfx,4,vfx,,0.05,2.0,rewards,"vfx_burst_var_05",575
vfx_burst_var_06,rewards_vfx,4,vfx,,0.05,2.0,rewards,"vfx_burst_var_06",575
vfx_burst_var_07,rewards_vfx,4,vfx,,0.05,2.0,rewards,"vfx_burst_var_07",575
vfx_burst_var_08,rewards_vfx,4,vfx,,0.05,2.0,rewards,"vfx_burst_var_08",575
vfx_burst_var_09,rewards_vfx,4,vfx,,0.05,2.0,rewards,"vfx_burst_var_09",575
vfx_burst_var_10,rewards_vfx,4,vfx,,0.05,2.0,rewards,"vfx_burst_var_10",576
vfx_burst_var_11,rewards_vfx,4,vfx,,0.05,2.0,rewards,"vfx_burst_var_11",576
vfx_burst_var_12,rewards_vfx,4,vfx,,0.05,2.0,rewards,"vfx_burst_var_12",576
vfx_burst_var_13,rewards_vfx,4,vfx,,0.05,2.0,rewards,"vfx_burst_var_13",576
vfx_burst_var_14,rewards_vfx,4,vfx,,0.05,2.0,rewards,"vfx_burst_var_14",576
vfx_burst_var_15,rewards_vfx,4,vfx,,0.05,2.0,rewards,"vfx_burst_var_15",576
prop_deco_cube_001,ugc_deco,4,prop,,0.9,,ugc,"prop_deco_cube_001",575
prop_deco_cube_002,ugc_deco,4,prop,,1.0,,ugc,"prop_deco_cube_002",574
prop_deco_cube_003,ugc_deco,4,prop,,1.1,,ugc,"prop_deco_cube_003",577
prop_deco_cube_004,ugc_deco,4,prop,,1.2000000000000002,,ugc,"prop_deco_cube_004",591
prop_deco_cube_005,ugc_deco,4,prop,,1.3,,ugc,"prop_deco_cube_005",573
prop_deco_cube_006,ugc_deco,4,prop,,1.4000000000000001,,ugc,"prop_deco_cube_006",591
prop_deco_cube_007,ugc_deco,4,prop,,1.5,,ugc,"prop_deco_cube_007",574
prop_deco_cube_008,ugc_deco,4,prop,,0.8,,ugc,"prop_deco_cube_008",574
prop_deco_cube_009,ugc_deco,4,prop,,0.9,,ugc,"prop_deco_cube_009",576
prop_deco_cube_010,ugc_deco,4,prop,,1.0,,ugc,"prop_deco_cube_010",577
prop_deco_sphere_011,ugc_deco,4,prop,,1.1,,ugc,"prop_deco_sphere_011",577
prop_deco_sphere_012,ugc_deco,4,prop,,1.2000000000000002,,ugc,"prop_deco_sphere_012",591
prop_deco_sphere_013,ugc_deco,4,prop,,1.3,,ugc,"prop_deco_sphere_013",579
prop_deco_sphere_014,ugc_deco,4,prop,,1.4000000000000001,,ugc,"prop_deco_sphere_014",593
prop_deco_sphere_015,ugc_deco,4,prop,,1.5,,ugc,"prop_deco_sphere_015",575
prop_deco_sphere_016,ugc_deco,4,prop,,0.8,,ugc,"prop_deco_sphere_016",578
prop_deco_sphere_017,ugc_deco,4,prop,,0.9,,ugc,"prop_deco_sphere_017",576
prop_deco_sphere_018,ugc_deco,4,prop,,1.0,,ugc,"prop_deco_sphere_018",576
prop_deco_sphere_019,ugc_deco,4,prop,,1.1,,ugc,"prop_deco_sphere_019",578
prop_deco_sphere_020,ugc_deco,4,prop,,1.2000000000000002,,ugc,"prop_deco_sphere_020",594
prop_deco_cylinder_021,ugc_deco,4,prop,,1.3,,ugc,"prop_deco_cylinder_021",579
prop_deco_cylinder_022,ugc_deco,4,prop,,1.4000000000000001,,ugc,"prop_deco_cylinder_022",593
prop_deco_cylinder_023,ugc_deco,4,prop,,1.5,,ugc,"prop_deco_cylinder_023",581
prop_deco_cylinder_024,ugc_deco,4,prop,,0.8,,ugc,"prop_deco_cylinder_024",580
prop_deco_cylinder_025,ugc_deco,4,prop,,0.9,,ugc,"prop_deco_cylinder_025",577
prop_deco_cylinder_026,ugc_deco,4,prop,,1.0,,ugc,"prop_deco_cylinder_026",580
prop_deco_cylinder_027,ugc_deco,4,prop,,1.1,,ugc,"prop_deco_cylinder_027",578
prop_deco_cylinder_028,ugc_deco,4,prop,,1.2000000000000002,,ugc,"prop_deco_cylinder_028",593
prop_deco_cylinder_029,ugc_deco,4,prop,,1.3,,ugc,"prop_deco_cylinder_029",580
prop_deco_cylinder_030,ugc_deco,4,prop,,1.4000000000000001,,ugc,"prop_deco_cylinder_030",596
prop_deco_wedge_031,ugc_deco,4,prop,,1.5,,ugc,"prop_deco_wedge_031",576
prop_deco_wedge_032,ugc_deco,4,prop,,0.8,,ugc,"prop_deco_wedge_032",575
prop_deco_wedge_033,ugc_deco,4,prop,,0.9,,ugc,"prop_deco_wedge_033",578
prop_deco_wedge_034,ugc_deco,4,prop,,1.0,,ugc,"prop_deco_wedge_034",577
prop_deco_wedge_035,ugc_deco,4,prop,,1.1,,ugc,"prop_deco_wedge_035",574
prop_deco_wedge_036,ugc_deco,4,prop,,1.2000000000000002,,ugc,"prop_deco_wedge_036",592
prop_deco_wedge_037,ugc_deco,4,prop,,1.3,,ugc,"prop_deco_wedge_037",575
prop_deco_wedge_038,ugc_deco,4,prop,,1.4000000000000001,,ugc,"prop_deco_wedge_038",590
prop_deco_wedge_039,ugc_deco,4,prop,,1.5,,ugc,"prop_deco_wedge_039",577
prop_deco_wedge_040,ugc_deco,4,prop,,0.8,,ugc,"prop_deco_wedge_040",578
prop_deco_pyramid_soft_041,ugc_deco,4,prop,,0.9,,ugc,"prop_deco_pyramid_soft_041",583
prop_deco_pyramid_soft_042,ugc_deco,4,prop,,1.0,,ugc,"prop_deco_pyramid_soft_042",582
prop_deco_pyramid_soft_043,ugc_deco,4,prop,,1.1,,ugc,"prop_deco_pyramid_soft_043",585
prop_deco_pyramid_soft_044,ugc_deco,4,prop,,1.2000000000000002,,ugc,"prop_deco_pyramid_soft_044",599
prop_deco_pyramid_soft_045,ugc_deco,4,prop,,1.3,,ugc,"prop_deco_pyramid_soft_045",581
prop_deco_pyramid_soft_046,ugc_deco,4,prop,,1.4000000000000001,,ugc,"prop_deco_pyramid_soft_046",599
prop_deco_pyramid_soft_047,ugc_deco,4,prop,,1.5,,ugc,"prop_deco_pyramid_soft_047",582
prop_deco_pyramid_soft_048,ugc_deco,4,prop,,0.8,,ugc,"prop_deco_pyramid_soft_048",582
prop_deco_pyramid_soft_049,ugc_deco,4,prop,,0.9,,ugc,"prop_deco_pyramid_soft_049",584
prop_deco_pyramid_soft_050,ugc_deco,4,prop,,1.0,,ugc,"prop_deco_pyramid_soft_050",585
prop_deco_torus_051,ugc_deco,4,prop,,1.1,,ugc,"prop_deco_torus_051",576
prop_deco_torus_052,ugc_deco,4,prop,,1.2000000000000002,,ugc,"prop_deco_torus_052",590
prop_deco_torus_053,ugc_deco,4,prop,,1.3,,ugc,"prop_deco_torus_053",578
prop_deco_torus_054,ugc_deco,4,prop,,1.4000000000000001,,ugc,"prop_deco_torus_054",592
prop_deco_torus_055,ugc_deco,4,prop,,1.5,,ugc,"prop_deco_torus_055",574
prop_deco_torus_056,ugc_deco,4,prop,,0.8,,ugc,"prop_deco_torus_056",577
prop_deco_torus_057,ugc_deco,4,prop,,0.9,,ugc,"prop_deco_torus_057",575
prop_deco_torus_058,ugc_deco,4,prop,,1.0,,ugc,"prop_deco_torus_058",575
prop_deco_torus_059,ugc_deco,4,prop,,1.1,,ugc,"prop_deco_torus_059",577
prop_deco_torus_060,ugc_deco,4,prop,,1.2000000000000002,,ugc,"prop_deco_torus_060",593
prop_deco_star_prism_061,ugc_deco,4,prop,,1.3,,ugc,"prop_deco_star_prism_061",581
prop_deco_star_prism_062,ugc_deco,4,prop,,1.4000000000000001,,ugc,"prop_deco_star_prism_062",595
prop_deco_star_prism_063,ugc_deco,4,prop,,1.5,,ugc,"prop_deco_star_prism_063",583
prop_deco_star_prism_064,ugc_deco,4,prop,,0.8,,ugc,"prop_deco_star_prism_064",582
prop_deco_star_prism_065,ugc_deco,4,prop,,0.9,,ugc,"prop_deco_star_prism_065",579
prop_deco_star_prism_066,ugc_deco,4,prop,,1.0,,ugc,"prop_deco_star_prism_066",582
prop_deco_star_prism_067,ugc_deco,4,prop,,1.1,,ugc,"prop_deco_star_prism_067",580
prop_deco_star_prism_068,ugc_deco,4,prop,,1.2000000000000002,,ugc,"prop_deco_star_prism_068",595
prop_deco_star_prism_069,ugc_deco,4,prop,,1.3,,ugc,"prop_deco_star_prism_069",582
prop_deco_star_prism_070,ugc_deco,4,prop,,1.4000000000000001,,ugc,"prop_deco_star_prism_070",598
prop_deco_heart_prism_071,ugc_deco,4,prop,,1.5,,ugc,"prop_deco_heart_prism_071",582
prop_deco_heart_prism_072,ugc_deco,4,prop,,0.8,,ugc,"prop_deco_heart_prism_072",581
prop_deco_heart_prism_073,ugc_deco,4,prop,,0.9,,ugc,"prop_deco_heart_prism_073",584
prop_deco_heart_prism_074,ugc_deco,4,prop,,1.0,,ugc,"prop_deco_heart_prism_074",583
prop_deco_heart_prism_075,ugc_deco,4,prop,,1.1,,ugc,"prop_deco_heart_prism_075",580
prop_deco_heart_prism_076,ugc_deco,4,prop,,1.2000000000000002,,ugc,"prop_deco_heart_prism_076",598
prop_deco_heart_prism_077,ugc_deco,4,prop,,1.3,,ugc,"prop_deco_heart_prism_077",581
prop_deco_heart_prism_078,ugc_deco,4,prop,,1.4000000000000001,,ugc,"prop_deco_heart_prism_078",596
prop_deco_heart_prism_079,ugc_deco,4,prop,,1.5,,ugc,"prop_deco_heart_prism_079",583
prop_deco_heart_prism_080,ugc_deco,4,prop,,0.8,,ugc,"prop_deco_heart_prism_080",584
prop_deco_capsule_081,ugc_deco,4,prop,,0.9,,ugc,"prop_deco_capsule_081",578
prop_deco_capsule_082,ugc_deco,4,prop,,1.0,,ugc,"prop_deco_capsule_082",577
prop_deco_capsule_083,ugc_deco,4,prop,,1.1,,ugc,"prop_deco_capsule_083",580
prop_deco_capsule_084,ugc_deco,4,prop,,1.2000000000000002,,ugc,"prop_deco_capsule_084",594
prop_deco_capsule_085,ugc_deco,4,prop,,1.3,,ugc,"prop_deco_capsule_085",576
prop_deco_capsule_086,ugc_deco,4,prop,,1.4000000000000001,,ugc,"prop_deco_capsule_086",594
prop_deco_capsule_087,ugc_deco,4,prop,,1.5,,ugc,"prop_deco_capsule_087",577
prop_deco_capsule_088,ugc_deco,4,prop,,0.8,,ugc,"prop_deco_capsule_088",577
prop_deco_capsule_089,ugc_deco,4,prop,,0.9,,ugc,"prop_deco_capsule_089",579
prop_deco_capsule_090,ugc_deco,4,prop,,1.0,,ugc,"prop_deco_capsule_090",580
prop_deco_dome_091,ugc_deco,4,prop,,1.1,,ugc,"prop_deco_dome_091",575
prop_deco_dome_092,ugc_deco,4,prop,,1.2000000000000002,,ugc,"prop_deco_dome_092",589
prop_deco_dome_093,ugc_deco,4,prop,,1.3,,ugc,"prop_deco_dome_093",577
prop_deco_dome_094,ugc_deco,4,prop,,1.4000000000000001,,ugc,"prop_deco_dome_094",591
prop_deco_dome_095,ugc_deco,4,prop,,1.5,,ugc,"prop_deco_dome_095",573
prop_deco_dome_096,ugc_deco,4,prop,,0.8,,ugc,"prop_deco_dome_096",576
prop_deco_dome_097,ugc_deco,4,prop,,0.9,,ugc,"prop_deco_dome_097",574
prop_deco_dome_098,ugc_deco,4,prop,,1.0,,ugc,"prop_deco_dome_098",574
prop_deco_dome_099,ugc_deco,4,prop,,1.1,,ugc,"prop_deco_dome_099",576
prop_deco_dome_100,ugc_deco,4,prop,,1.2000000000000002,,ugc,"prop_deco_dome_100",592
prop_deco_arch_block_101,ugc_deco,4,prop,,1.3,,ugc,"prop_deco_arch_block_101",581
prop_deco_arch_block_102,ugc_deco,4,prop,,1.4000000000000001,,ugc,"prop_deco_arch_block_102",595
prop_deco_arch_block_103,ugc_deco,4,prop,,1.5,,ugc,"prop_deco_arch_block_103",583
prop_deco_arch_block_104,ugc_deco,4,prop,,0.8,,ugc,"prop_deco_arch_block_104",582
prop_deco_arch_block_105,ugc_deco,4,prop,,0.9,,ugc,"prop_deco_arch_block_105",579
prop_deco_arch_block_106,ugc_deco,4,prop,,1.0,,ugc,"prop_deco_arch_block_106",582
prop_deco_arch_block_107,ugc_deco,4,prop,,1.1,,ugc,"prop_deco_arch_block_107",580
prop_deco_arch_block_108,ugc_deco,4,prop,,1.2000000000000002,,ugc,"prop_deco_arch_block_108",595
prop_deco_arch_block_109,ugc_deco,4,prop,,1.3,,ugc,"prop_deco_arch_block_109",582
prop_deco_arch_block_110,ugc_deco,4,prop,,1.4000000000000001,,ugc,"prop_deco_arch_block_110",598
prop_deco_ramp_block_111,ugc_deco,4,prop,,1.5,,ugc,"prop_deco_ramp_block_111",581
prop_deco_ramp_block_112,ugc_deco,4,prop,,0.8,,ugc,"prop_deco_ramp_block_112",580
prop_deco_ramp_block_113,ugc_deco,4,prop,,0.9,,ugc,"prop_deco_ramp_block_113",583
prop_deco_ramp_block_114,ugc_deco,4,prop,,1.0,,ugc,"prop_deco_ramp_block_114",582
prop_deco_ramp_block_115,ugc_deco,4,prop,,1.1,,ugc,"prop_deco_ramp_block_115",579
prop_deco_ramp_block_116,ugc_deco,4,prop,,1.2000000000000002,,ugc,"prop_deco_ramp_block_116",597
prop_deco_ramp_block_117,ugc_deco,4,prop,,1.3,,ugc,"prop_deco_ramp_block_117",580
prop_deco_ramp_block_118,ugc_deco,4,prop,,1.4000000000000001,,ugc,"prop_deco_ramp_block_118",595
prop_deco_ramp_block_119,ugc_deco,4,prop,,1.5,,ugc,"prop_deco_ramp_block_119",582
prop_deco_ramp_block_120,ugc_deco,4,prop,,0.8,,ugc,"prop_deco_ramp_block_120",583
prop_deco_stair_block_121,ugc_deco,4,prop,,0.9,,ugc,"prop_deco_stair_block_121",582
prop_deco_stair_block_122,ugc_deco,4,prop,,1.0,,ugc,"prop_deco_stair_block_122",581
prop_deco_stair_block_123,ugc_deco,4,prop,,1.1,,ugc,"prop_deco_stair_block_123",584
prop_deco_stair_block_124,ugc_deco,4,prop,,1.2000000000000002,,ugc,"prop_deco_stair_block_124",598
prop_deco_stair_block_125,ugc_deco,4,prop,,1.3,,ugc,"prop_deco_stair_block_125",580
prop_deco_stair_block_126,ugc_deco,4,prop,,1.4000000000000001,,ugc,"prop_deco_stair_block_126",598
prop_deco_stair_block_127,ugc_deco,4,prop,,1.5,,ugc,"prop_deco_stair_block_127",581
prop_deco_stair_block_128,ugc_deco,4,prop,,0.8,,ugc,"prop_deco_stair_block_128",581
prop_deco_stair_block_129,ugc_deco,4,prop,,0.9,,ugc,"prop_deco_stair_block_129",583
prop_deco_stair_block_130,ugc_deco,4,prop,,1.0,,ugc,"prop_deco_stair_block_130",584
prop_deco_pillar_131,ugc_deco,4,prop,,1.1,,ugc,"prop_deco_pillar_131",577
prop_deco_pillar_132,ugc_deco,4,prop,,1.2000000000000002,,ugc,"prop_deco_pillar_132",591
prop_deco_pillar_133,ugc_deco,4,prop,,1.3,,ugc,"prop_deco_pillar_133",579
prop_deco_pillar_134,ugc_deco,4,prop,,1.4000000000000001,,ugc,"prop_deco_pillar_134",593
prop_deco_pillar_135,ugc_deco,4,prop,,1.5,,ugc,"prop_deco_pillar_135",575
prop_deco_pillar_136,ugc_deco,4,prop,,0.8,,ugc,"prop_deco_pillar_136",578
prop_deco_pillar_137,ugc_deco,4,prop,,0.9,,ugc,"prop_deco_pillar_137",576
prop_deco_pillar_138,ugc_deco,4,prop,,1.0,,ugc,"prop_deco_pillar_138",576
prop_deco_pillar_139,ugc_deco,4,prop,,1.1,,ugc,"prop_deco_pillar_139",578
prop_deco_pillar_140,ugc_deco,4,prop,,1.2000000000000002,,ugc,"prop_deco_pillar_140",594
prop_deco_beam_141,ugc_deco,4,prop,,1.3,,ugc,"prop_deco_beam_141",575
prop_deco_beam_142,ugc_deco,4,prop,,1.4000000000000001,,ugc,"prop_deco_beam_142",589
prop_deco_beam_143,ugc_deco,4,prop,,1.5,,ugc,"prop_deco_beam_143",577
prop_deco_beam_144,ugc_deco,4,prop,,0.8,,ugc,"prop_deco_beam_144",576
prop_deco_beam_145,ugc_deco,4,prop,,0.9,,ugc,"prop_deco_beam_145",573
prop_deco_beam_146,ugc_deco,4,prop,,1.0,,ugc,"prop_deco_beam_146",576
prop_deco_beam_147,ugc_deco,4,prop,,1.1,,ugc,"prop_deco_beam_147",574
prop_deco_beam_148,ugc_deco,4,prop,,1.2000000000000002,,ugc,"prop_deco_beam_148",589
prop_deco_beam_149,ugc_deco,4,prop,,1.3,,ugc,"prop_deco_beam_149",576
prop_deco_beam_150,ugc_deco,4,prop,,1.4000000000000001,,ugc,"prop_deco_beam_150",592
prop_deco_slab_151,ugc_deco,4,prop,,1.5,,ugc,"prop_deco_slab_151",575
prop_deco_slab_152,ugc_deco,4,prop,,0.8,,ugc,"prop_deco_slab_152",574
prop_deco_slab_153,ugc_deco,4,prop,,0.9,,ugc,"prop_deco_slab_153",577
prop_deco_slab_154,ugc_deco,4,prop,,1.0,,ugc,"prop_deco_slab_154",576
prop_deco_slab_155,ugc_deco,4,prop,,1.1,,ugc,"prop_deco_slab_155",573
prop_deco_slab_156,ugc_deco,4,prop,,1.2000000000000002,,ugc,"prop_deco_slab_156",591
prop_deco_slab_157,ugc_deco,4,prop,,1.3,,ugc,"prop_deco_slab_157",574
prop_deco_slab_158,ugc_deco,4,prop,,1.4000000000000001,,ugc,"prop_deco_slab_158",589
prop_deco_slab_159,ugc_deco,4,prop,,1.5,,ugc,"prop_deco_slab_159",576
prop_deco_slab_160,ugc_deco,4,prop,,0.8,,ugc,"prop_deco_slab_160",577
prop_deco_ring_block_161,ugc_deco,4,prop,,0.9,,ugc,"prop_deco_ring_block_161",581
prop_deco_ring_block_162,ugc_deco,4,prop,,1.0,,ugc,"prop_deco_ring_block_162",580
prop_deco_ring_block_163,ugc_deco,4,prop,,1.1,,ugc,"prop_deco_ring_block_163",583
prop_deco_ring_block_164,ugc_deco,4,prop,,1.2000000000000002,,ugc,"prop_deco_ring_block_164",597
prop_deco_ring_block_165,ugc_deco,4,prop,,1.3,,ugc,"prop_deco_ring_block_165",579
prop_deco_ring_block_166,ugc_deco,4,prop,,1.4000000000000001,,ugc,"prop_deco_ring_block_166",597
prop_deco_ring_block_167,ugc_deco,4,prop,,1.5,,ugc,"prop_deco_ring_block_167",580
prop_deco_ring_block_168,ugc_deco,4,prop,,0.8,,ugc,"prop_deco_ring_block_168",580
prop_deco_ring_block_169,ugc_deco,4,prop,,0.9,,ugc,"prop_deco_ring_block_169",582
prop_deco_ring_block_170,ugc_deco,4,prop,,1.0,,ugc,"prop_deco_ring_block_170",583
prop_deco_cross_block_171,ugc_deco,4,prop,,1.1,,ugc,"prop_deco_cross_block_171",582
prop_deco_cross_block_172,ugc_deco,4,prop,,1.2000000000000002,,ugc,"prop_deco_cross_block_172",596
prop_deco_cross_block_173,ugc_deco,4,prop,,1.3,,ugc,"prop_deco_cross_block_173",584
prop_deco_cross_block_174,ugc_deco,4,prop,,1.4000000000000001,,ugc,"prop_deco_cross_block_174",598
prop_deco_cross_block_175,ugc_deco,4,prop,,1.5,,ugc,"prop_deco_cross_block_175",580
prop_deco_cross_block_176,ugc_deco,4,prop,,0.8,,ugc,"prop_deco_cross_block_176",583
prop_deco_cross_block_177,ugc_deco,4,prop,,0.9,,ugc,"prop_deco_cross_block_177",581
prop_deco_cross_block_178,ugc_deco,4,prop,,1.0,,ugc,"prop_deco_cross_block_178",581
prop_deco_cross_block_179,ugc_deco,4,prop,,1.1,,ugc,"prop_deco_cross_block_179",583
prop_deco_cross_block_180,ugc_deco,4,prop,,1.2000000000000002,,ugc,"prop_deco_cross_block_180",599
prop_deco_flora_01,ugc_deco,4,prop,,0.75,,ugc,"prop_deco_flora_01",550
prop_deco_flora_02,ugc_deco,4,prop,,0.8999999999999999,,ugc,"prop_deco_flora_02",564
prop_deco_flora_03,ugc_deco,4,prop,,1.0499999999999998,,ugc,"prop_deco_flora_03",564
prop_deco_flora_04,ugc_deco,4,prop,,1.2,,ugc,"prop_deco_flora_04",549
prop_deco_flora_05,ugc_deco,4,prop,,1.35,,ugc,"prop_deco_flora_05",550
prop_deco_flora_06,ugc_deco,4,prop,,1.5,,ugc,"prop_deco_flora_06",549
prop_deco_flora_07,ugc_deco,4,prop,,0.6,,ugc,"prop_deco_flora_07",549
prop_deco_flora_08,ugc_deco,4,prop,,0.75,,ugc,"prop_deco_flora_08",550
prop_deco_flora_09,ugc_deco,4,prop,,0.8999999999999999,,ugc,"prop_deco_flora_09",564
prop_deco_flora_10,ugc_deco,4,prop,,1.0499999999999998,,ugc,"prop_deco_flora_10",565
prop_deco_flora_11,ugc_deco,4,prop,,1.2,,ugc,"prop_deco_flora_11",550
prop_deco_flora_12,ugc_deco,4,prop,,1.35,,ugc,"prop_deco_flora_12",551
prop_deco_flora_13,ugc_deco,4,prop,,1.5,,ugc,"prop_deco_flora_13",550
prop_deco_flora_14,ugc_deco,4,prop,,0.6,,ugc,"prop_deco_flora_14",550
prop_deco_flora_15,ugc_deco,4,prop,,0.75,,ugc,"prop_deco_flora_15",551
prop_deco_flora_16,ugc_deco,4,prop,,0.8999999999999999,,ugc,"prop_deco_flora_16",565
prop_deco_flora_17,ugc_deco,4,prop,,1.0499999999999998,,ugc,"prop_deco_flora_17",565
prop_deco_flora_18,ugc_deco,4,prop,,1.2,,ugc,"prop_deco_flora_18",550
prop_deco_flora_19,ugc_deco,4,prop,,1.35,,ugc,"prop_deco_flora_19",551
prop_deco_flora_20,ugc_deco,4,prop,,1.5,,ugc,"prop_deco_flora_20",550
prop_deco_flora_21,ugc_deco,4,prop,,0.6,,ugc,"prop_deco_flora_21",550
prop_deco_flora_22,ugc_deco,4,prop,,0.75,,ugc,"prop_deco_flora_22",551
prop_deco_flora_23,ugc_deco,4,prop,,0.8999999999999999,,ugc,"prop_deco_flora_23",565
prop_deco_flora_24,ugc_deco,4,prop,,1.0499999999999998,,ugc,"prop_deco_flora_24",565
prop_deco_flora_25,ugc_deco,4,prop,,1.2,,ugc,"prop_deco_flora_25",550
prop_deco_flora_26,ugc_deco,4,prop,,1.35,,ugc,"prop_deco_flora_26",551
prop_deco_flora_27,ugc_deco,4,prop,,1.5,,ugc,"prop_deco_flora_27",550
prop_deco_flora_28,ugc_deco,4,prop,,0.6,,ugc,"prop_deco_flora_28",550
prop_deco_flora_29,ugc_deco,4,prop,,0.75,,ugc,"prop_deco_flora_29",551
prop_deco_flora_30,ugc_deco,4,prop,,0.8999999999999999,,ugc,"prop_deco_flora_30",565
prop_deco_flora_31,ugc_deco,4,prop,,1.0499999999999998,,ugc,"prop_deco_flora_31",565
prop_deco_flora_32,ugc_deco,4,prop,,1.2,,ugc,"prop_deco_flora_32",550
prop_deco_flora_33,ugc_deco,4,prop,,1.35,,ugc,"prop_deco_flora_33",551
prop_deco_flora_34,ugc_deco,4,prop,,1.5,,ugc,"prop_deco_flora_34",550
prop_deco_flora_35,ugc_deco,4,prop,,0.6,,ugc,"prop_deco_flora_35",550
prop_deco_flora_36,ugc_deco,4,prop,,0.75,,ugc,"prop_deco_flora_36",551
prop_deco_flora_37,ugc_deco,4,prop,,0.8999999999999999,,ugc,"prop_deco_flora_37",565
prop_deco_flora_38,ugc_deco,4,prop,,1.0499999999999998,,ugc,"prop_deco_flora_38",565
prop_deco_flora_39,ugc_deco,4,prop,,1.2,,ugc,"prop_deco_flora_39",550
prop_deco_flora_40,ugc_deco,4,prop,,1.35,,ugc,"prop_deco_flora_40",551
prop_deco_rock_01,ugc_deco,4,prop,,0.62,,ugc,"prop_deco_rock_01",552
prop_deco_rock_02,ugc_deco,4,prop,,0.74,,ugc,"prop_deco_rock_02",552
prop_deco_rock_03,ugc_deco,4,prop,,0.86,,ugc,"prop_deco_rock_03",552
prop_deco_rock_04,ugc_deco,4,prop,,0.98,,ugc,"prop_deco_rock_04",552
prop_deco_rock_05,ugc_deco,4,prop,,1.1,,ugc,"prop_deco_rock_05",551
prop_deco_rock_06,ugc_deco,4,prop,,0.5,,ugc,"prop_deco_rock_06",551
prop_deco_rock_07,ugc_deco,4,prop,,0.62,,ugc,"prop_deco_rock_07",552
prop_deco_rock_08,ugc_deco,4,prop,,0.74,,ugc,"prop_deco_rock_08",552
prop_deco_rock_09,ugc_deco,4,prop,,0.86,,ugc,"prop_deco_rock_09",552
prop_deco_rock_10,ugc_deco,4,prop,,0.98,,ugc,"prop_deco_rock_10",553
prop_deco_rock_11,ugc_deco,4,prop,,1.1,,ugc,"prop_deco_rock_11",552
prop_deco_rock_12,ugc_deco,4,prop,,0.5,,ugc,"prop_deco_rock_12",552
prop_deco_rock_13,ugc_deco,4,prop,,0.62,,ugc,"prop_deco_rock_13",553
prop_deco_rock_14,ugc_deco,4,prop,,0.74,,ugc,"prop_deco_rock_14",553
prop_deco_rock_15,ugc_deco,4,prop,,0.86,,ugc,"prop_deco_rock_15",553
prop_deco_rock_16,ugc_deco,4,prop,,0.98,,ugc,"prop_deco_rock_16",553
prop_deco_rock_17,ugc_deco,4,prop,,1.1,,ugc,"prop_deco_rock_17",552
prop_deco_rock_18,ugc_deco,4,prop,,0.5,,ugc,"prop_deco_rock_18",552
prop_deco_rock_19,ugc_deco,4,prop,,0.62,,ugc,"prop_deco_rock_19",553
prop_deco_rock_20,ugc_deco,4,prop,,0.74,,ugc,"prop_deco_rock_20",553
prop_deco_rock_21,ugc_deco,4,prop,,0.86,,ugc,"prop_deco_rock_21",553
prop_deco_rock_22,ugc_deco,4,prop,,0.98,,ugc,"prop_deco_rock_22",553
prop_deco_rock_23,ugc_deco,4,prop,,1.1,,ugc,"prop_deco_rock_23",552
prop_deco_rock_24,ugc_deco,4,prop,,0.5,,ugc,"prop_deco_rock_24",552
prop_deco_rock_25,ugc_deco,4,prop,,0.62,,ugc,"prop_deco_rock_25",553
prop_deco_rock_26,ugc_deco,4,prop,,0.74,,ugc,"prop_deco_rock_26",553
prop_deco_rock_27,ugc_deco,4,prop,,0.86,,ugc,"prop_deco_rock_27",553
prop_deco_rock_28,ugc_deco,4,prop,,0.98,,ugc,"prop_deco_rock_28",553
prop_deco_rock_29,ugc_deco,4,prop,,1.1,,ugc,"prop_deco_rock_29",552
prop_deco_rock_30,ugc_deco,4,prop,,0.5,,ugc,"prop_deco_rock_30",552
